[***********; 2021/11/10 at 11:37] ;************
Axis3
0.000004; 0xcd 
-0.000005; 0xfffffefd 
-0.000004; 0xffffff1e 
0.000007; 0x165 
-0.000007; 0xfffffea7 
-0.000006; 0xfffffeb6 
0.000011; 0x222 
-0.000009; 0xfffffe2d 
-0.000004; 0xffffff35 
0.000008; 0x1ac 
-0.000009; 0xfffffe47 
-0.000002; 0xffffffa8 
0.000006; 0x139 
-0.000008; 0xfffffe52 
-0.000000; 0xfffffff1 
0.000005; 0x114 
-0.000009; 0xfffffe46 
0.000000; 0x14 
0.000003; 0xa6 
-0.000007; 0xfffffe9f 
0.000001; 0x3c 
-0.000001; 0xffffffe5 
-0.000004; 0xffffff38 
0.000000; 0x0 
-0.000001; 0xffffffc8 
-0.000004; 0xffffff3f 
0.000000; 0x16 
-0.000002; 0xffffff9a 
-0.000002; 0xffffff86 
-0.000001; 0xffffffb6 
-0.000001; 0xffffffe1 
-0.000001; 0xffffffd2 
-0.000005; 0xffffff01 
0.000003; 0xb0 
-0.000003; 0xffffff72 
-0.000005; 0xfffffee5 
0.000006; 0x133 
-0.000006; 0xfffffee3 
-0.000004; 0xffffff38 
0.000006; 0x11e 
-0.000007; 0xfffffe9f 
-0.000004; 0xffffff2c 
0.000007; 0x177 
-0.000010; 0xfffffe13 
-0.000003; 0xffffff57 
0.000008; 0x19a 
-0.000010; 0xfffffdff 
-0.000004; 0xffffff44 
0.000008; 0x191 
-0.000008; 0xfffffe6c 
-0.000005; 0xfffffee7 
0.000009; 0x1c2 
-0.000009; 0xfffffe44 
-0.000004; 0xffffff41 
0.000006; 0x131 
-0.000006; 0xfffffec8 
-0.000004; 0xffffff30 
0.000002; 0x6c 
-0.000000; 0xffffffe8 
-0.000008; 0xfffffe60 
0.000001; 0x3e 
0.000003; 0x8f 
-0.000010; 0xfffffe0f 
-0.000000; 0xfffffff1 
0.000005; 0xfc 
-0.000011; 0xfffffdd9 
-0.000000; 0xfffffffe 
0.000005; 0x11a 
-0.000012; 0xfffffda8 
0.000000; 0x19 
0.000005; 0x113 
-0.000011; 0xfffffdcd 
-0.000001; 0xffffffce 
0.000006; 0x11d 
-0.000010; 0xfffffe10 
-0.000003; 0xffffff67 
0.000006; 0x141 
-0.000010; 0xfffffe0e 
-0.000003; 0xffffff6f 
0.000006; 0x135 
-0.000010; 0xfffffe02 
-0.000002; 0xffffff98 
0.000004; 0xd4 
-0.000008; 0xfffffe50 
-0.000002; 0xffffffab 
0.000003; 0x8f 
-0.000007; 0xfffffe91 
-0.000003; 0xffffff6a 
0.000004; 0xd1 
-0.000008; 0xfffffe78 
-0.000004; 0xffffff2f 
0.000005; 0xeb 
-0.000006; 0xfffffec5 
-0.000006; 0xfffffed2 
0.000003; 0xaf 
-0.000003; 0xffffff55 
-0.000008; 0xfffffe5d 
0.000003; 0xb1 
-0.000002; 0xffffffa0 
-0.000009; 0xfffffe1a 
0.000003; 0xa3 
-0.000001; 0xffffffd0 
-0.000010; 0xfffffded 
0.000003; 0x99 
0.000001; 0x26 
-0.000012; 0xfffffd92 
0.000004; 0xc4 
-0.000001; 0xffffffe2 
-0.000009; 0xfffffe1e 
0.000001; 0x4b 
-0.000000; 0xfffffffa 
-0.000008; 0xfffffe4e 
0.000000; 0x4 
-0.000000; 0xfffffff8 
-0.000008; 0xfffffe4c 
0.000001; 0x21 
-0.000002; 0xffffff9e 
-0.000006; 0xfffffec5 
-0.000002; 0xffffff92 
-0.000001; 0xffffffde 
-0.000006; 0xfffffeb3 
-0.000002; 0xffffff9b 
-0.000001; 0xffffffd8 
-0.000006; 0xfffffebf 
-0.000002; 0xffffff97 
-0.000001; 0xffffffc6 
-0.000005; 0xfffffef3 
-0.000004; 0xffffff35 
0.000002; 0x5e 
-0.000008; 0xfffffe63 
-0.000003; 0xffffff68 
0.000003; 0x89 
-0.000009; 0xfffffe1d 
-0.000003; 0xffffff5f 
0.000003; 0x9d 
-0.000009; 0xfffffe45 
-0.000006; 0xfffffebd 
0.000006; 0x13d 
-0.000010; 0xfffffde9 
-0.000005; 0xfffffef6 
0.000005; 0x102 
-0.000011; 0xfffffdd7 
-0.000003; 0xffffff4c 
0.000003; 0xb5 
-0.000011; 0xfffffdda 
-0.000003; 0xffffff5d 
0.000004; 0xcc 
-0.000012; 0xfffffd97 
-0.000001; 0xffffffcd 
0.000000; 0x12 
-0.000008; 0xfffffe51 
-0.000001; 0xffffffcf 
-0.000002; 0xffffff7f 
-0.000007; 0xfffffeaf 
-0.000001; 0xffffffbe 
-0.000004; 0xffffff48 
-0.000005; 0xfffffee6 
-0.000003; 0xffffff68 
-0.000003; 0xffffff78 
-0.000005; 0xffffff14 
-0.000007; 0xfffffe95 
0.000001; 0x3d 
-0.000005; 0xffffff05 
-0.000010; 0xfffffe02 
0.000004; 0xe5 
-0.000005; 0xffffff0e 
-0.000013; 0xfffffd72 
0.000006; 0x14b 
-0.000004; 0xffffff3f 
-0.000014; 0xfffffd13 
0.000007; 0x153 
-0.000003; 0xffffff70 
-0.000015; 0xfffffd0c 
0.000005; 0xf4 
-0.000002; 0xffffff9a 
-0.000013; 0xfffffd72 
0.000002; 0x54 
-0.000002; 0xffffff97 
-0.000010; 0xfffffe11 
-0.000002; 0xffffff97 
-0.000002; 0xffffff87 
-0.000005; 0xfffffef0 
-0.000005; 0xfffffeea 
-0.000004; 0xffffff3c 
-0.000002; 0xffffff93 
-0.000007; 0xfffffeaa 
-0.000005; 0xfffffefb 
-0.000001; 0xffffffd3 
-0.000007; 0xfffffe90 
-0.000003; 0xffffff55 
-0.000003; 0xffffff57 
-0.000007; 0xfffffeae 
-0.000000; 0xfffffff4 
-0.000007; 0xfffffe81 
-0.000005; 0xffffff09 
0.000001; 0x3e 
-0.000011; 0xfffffdcf 
-0.000003; 0xffffff4b 
0.000004; 0xc2 
-0.000016; 0xfffffcda 
-0.000002; 0xffffffa6 
0.000006; 0x130 
-0.000019; 0xfffffc36 
-0.000001; 0xffffffd0 
0.000006; 0x149 
-0.000017; 0xfffffc8f 
-0.000004; 0xffffff25 
0.000007; 0x183 
-0.000015; 0xfffffce3 
-0.000006; 0xfffffee0 
0.000005; 0xec 
-0.000010; 0xfffffe09 
-0.000009; 0xfffffe32 
0.000002; 0x60 
-0.000004; 0xffffff2c 
-0.000012; 0xfffffd9b 
0.000000; 0x0 
0.000000; 0x6 
-0.000013; 0xfffffd4d 
-0.000002; 0xffffffac 
0.000003; 0x94 
-0.000015; 0xfffffced 
-0.000002; 0xffffffaa 
0.000003; 0xa9 
-0.000016; 0xfffffcd3 
-0.000002; 0xffffff9b 
0.000003; 0x91 
-0.000016; 0xfffffcd9 
-0.000002; 0xffffffa7 
0.000002; 0x5b 
-0.000015; 0xfffffcf4 
-0.000000; 0xfffffffb 
-0.000001; 0xffffffce 
-0.000012; 0xfffffd86 
-0.000001; 0xffffffd3 
-0.000001; 0xffffffb6 
-0.000011; 0xfffffdd8 
-0.000003; 0xffffff67 
-0.000000; 0xfffffff0 
-0.000011; 0xfffffdb6 
-0.000002; 0xffffff99 
-0.000003; 0xffffff74 
-0.000010; 0xfffffe12 
-0.000003; 0xffffff4c 
-0.000002; 0xffffffaa 
-0.000009; 0xfffffe23 
-0.000006; 0xfffffebd 
0.000002; 0x60 
-0.000011; 0xfffffdcc 
-0.000007; 0xfffffe9f 
0.000003; 0x93 
-0.000010; 0xfffffdee 
-0.000008; 0xfffffe57 
0.000004; 0xba 
-0.000009; 0xfffffe17 
-0.000011; 0xfffffddd 
[***********; 2021/11/10 at 11:38] ;************
Axis1; ; Axis2; ; Axis3; ; Axis4
0.000000; 0x0; 0.000000; 0x0; 0.000005; 0xed; 0.000000; 0x0 
0.000000; 0x0; 0.000000; 0x0; -0.000010; 0xfffffdfb; 0.000000; 0x0 
0.000000; 0x0; 0.000000; 0x0; 0.000001; 0x35; 0.000000; 0x0 
0.000000; 0x0; 0.000000; 0x0; 0.000005; 0xf6; 0.000000; 0x0 
0.000000; 0x0; 0.000000; 0x0; -0.000010; 0xfffffe01; 0.000000; 0x0 
0.000000; 0x0; 0.000000; 0x0; 0.000002; 0x65; 0.000000; 0x0 
0.000000; 0x0; 0.000000; 0x0; 0.000003; 0x8b; 0.000000; 0x0 
0.000000; 0x0; 0.000000; 0x0; -0.000008; 0xfffffe51; 0.000000; 0x0 
0.000000; 0x0; 0.000000; 0x0; 0.000004; 0xd3; 0.000000; 0x0 
0.000000; 0x0; 0.000000; 0x0; -0.000002; 0xffffffad; 0.000000; 0x0 
0.000000; 0x0; 0.000000; 0x0; -0.000005; 0xfffffeef; 0.000000; 0x0 
0.000000; 0x0; 0.000000; 0x0; 0.000006; 0x124; 0.000000; 0x0 
0.000000; 0x0; 0.000000; 0x0; -0.000005; 0xfffffef8; 0.000000; 0x0 
0.000000; 0x0; 0.000000; 0x0; -0.000004; 0xffffff3d; 0.000000; 0x0 
0.000000; 0x0; 0.000000; 0x0; 0.000007; 0x17a; 0.000000; 0x0 
0.000000; 0x0; 0.000000; 0x0; -0.000008; 0xfffffe48; 0.000000; 0x0 
0.000000; 0x0; 0.000000; 0x0; -0.000002; 0xffffff91; 0.000000; 0x0 
0.000000; 0x0; 0.000000; 0x0; 0.000008; 0x1b8; 0.000000; 0x0 
0.000000; 0x0; 0.000000; 0x0; -0.000012; 0xfffffd9f; 0.000000; 0x0 
0.000000; 0x0; 0.000000; 0x0; 0.000001; 0x22; 0.000000; 0x0 
0.000000; 0x0; 0.000000; 0x0; 0.000007; 0x167; 0.000000; 0x0 
0.000000; 0x0; 0.000000; 0x0; -0.000012; 0xfffffd9b; 0.000000; 0x0 
0.000000; 0x0; 0.000000; 0x0; 0.000002; 0x6f; 0.000000; 0x0 
0.000000; 0x0; 0.000000; 0x0; 0.000005; 0xfc; 0.000000; 0x0 
0.000000; 0x0; 0.000000; 0x0; -0.000009; 0xfffffe1d; 0.000000; 0x0 
0.000000; 0x0; 0.000000; 0x0; 0.000002; 0x70; 0.000000; 0x0 
0.000000; 0x0; 0.000000; 0x0; 0.000002; 0x80; 0.000000; 0x0 
0.000000; 0x0; 0.000000; 0x0; -0.000005; 0xfffffee8; 0.000000; 0x0 
0.000000; 0x0; 0.000000; 0x0; 0.000000; 0x0; 0.000000; 0x0 
0.000000; 0x0; 0.000000; 0x0; 0.000001; 0x2e; 0.000000; 0x0 
0.000000; 0x0; 0.000000; 0x0; -0.000001; 0xffffffe2; 0.000000; 0x0 
0.000000; 0x0; 0.000000; 0x0; -0.000004; 0xffffff37; 0.000000; 0x0 
0.000000; 0x0; 0.000000; 0x0; 0.000000; 0x1; 0.000000; 0x0 
0.000000; 0x0; 0.000000; 0x0; 0.000004; 0xc2; 0.000000; 0x0 
0.000000; 0x0; 0.000000; 0x0; -0.000007; 0xfffffe8b; 0.000000; 0x0 
0.000000; 0x0; 0.000000; 0x0; -0.000001; 0xffffffc1; 0.000000; 0x0 
0.000000; 0x0; 0.000000; 0x0; 0.000008; 0x196; 0.000000; 0x0 
0.000000; 0x0; 0.000000; 0x0; -0.000010; 0xfffffe06; 0.000000; 0x0 
0.000000; 0x0; 0.000000; 0x0; -0.000003; 0xffffff7e; 0.000000; 0x0 
0.000000; 0x0; 0.000000; 0x0; 0.000012; 0x26d; 0.000000; 0x0 
0.000000; 0x0; 0.000000; 0x0; -0.000014; 0xfffffd3c; 0.000000; 0x0 
0.000000; 0x0; 0.000000; 0x0; -0.000000; 0xfffffff6; 0.000000; 0x0 
0.000000; 0x0; 0.000000; 0x0; 0.000012; 0x266; 0.000000; 0x0 
0.000000; 0x0; 0.000000; 0x0; -0.000015; 0xfffffcdf; 0.000000; 0x0 
0.000000; 0x0; 0.000000; 0x0; 0.000002; 0x62; 0.000000; 0x0 
0.000000; 0x0; 0.000000; 0x0; 0.000011; 0x228; 0.000000; 0x0 
0.000000; 0x0; 0.000000; 0x0; -0.000016; 0xfffffcda; 0.000000; 0x0 
0.000000; 0x0; 0.000000; 0x0; 0.000002; 0x80; 0.000000; 0x0 
0.000000; 0x0; 0.000000; 0x0; 0.000010; 0x1f4; 0.000000; 0x0 
0.000000; 0x0; 0.000000; 0x0; -0.000015; 0xfffffcec; 0.000000; 0x0 
0.000000; 0x0; 0.000000; 0x0; 0.000004; 0xe1; 0.000000; 0x0 
0.000000; 0x0; 0.000000; 0x0; 0.000006; 0x149; 0.000000; 0x0 
0.000000; 0x0; 0.000000; 0x0; -0.000012; 0xfffffd8a; 0.000000; 0x0 
0.000000; 0x0; 0.000000; 0x0; 0.000004; 0xe4; 0.000000; 0x0 
0.000000; 0x0; 0.000000; 0x0; 0.000004; 0xd1; 0.000000; 0x0 
0.000000; 0x0; 0.000000; 0x0; -0.000008; 0xfffffe55; 0.000000; 0x0 
0.000000; 0x0; 0.000000; 0x0; 0.000002; 0x63; 0.000000; 0x0 
0.000000; 0x0; 0.000000; 0x0; 0.000004; 0xd6; 0.000000; 0x0 
0.000000; 0x0; 0.000000; 0x0; -0.000006; 0xfffffee1; 0.000000; 0x0 
0.000000; 0x0; 0.000000; 0x0; -0.000001; 0xffffffd5; 0.000000; 0x0 
0.000000; 0x0; 0.000000; 0x0; 0.000005; 0xea; 0.000000; 0x0 
0.000000; 0x0; 0.000000; 0x0; -0.000003; 0xffffff5b; 0.000000; 0x0 
0.000000; 0x0; 0.000000; 0x0; -0.000004; 0xffffff43; 0.000000; 0x0 
0.000000; 0x0; 0.000000; 0x0; 0.000005; 0x113; 0.000000; 0x0 
0.000000; 0x0; 0.000000; 0x0; -0.000002; 0xffffffa8; 0.000000; 0x0 
0.000000; 0x0; 0.000000; 0x0; -0.000007; 0xfffffea0; 0.000000; 0x0 
0.000000; 0x0; 0.000000; 0x0; 0.000006; 0x14b; 0.000000; 0x0 
0.000000; 0x0; 0.000000; 0x0; 0.000000; 0x0; 0.000000; 0x0 
0.000000; 0x0; 0.000000; 0x0; -0.000010; 0xfffffe09; 0.000000; 0x0 
0.000000; 0x0; 0.000000; 0x0; 0.000008; 0x1ab; 0.000000; 0x0 
0.000000; 0x0; 0.000000; 0x0; 0.000000; 0xe; 0.000000; 0x0 
0.000000; 0x0; 0.000000; 0x0; -0.000011; 0xfffffdd9; 0.000000; 0x0 
0.000000; 0x0; 0.000000; 0x0; 0.000008; 0x1ad; 0.000000; 0x0 
0.000000; 0x0; 0.000000; 0x0; 0.000001; 0x32; 0.000000; 0x0 
0.000000; 0x0; 0.000000; 0x0; -0.000011; 0xfffffdcd; 0.000000; 0x0 
0.000000; 0x0; 0.000000; 0x0; 0.000009; 0x1cc; 0.000000; 0x0 
0.000000; 0x0; 0.000000; 0x0; 0.000001; 0x32; 0.000000; 0x0 
0.000000; 0x0; 0.000000; 0x0; -0.000011; 0xfffffdcc; 0.000000; 0x0 
0.000000; 0x0; 0.000000; 0x0; 0.000009; 0x1c8; 0.000000; 0x0 
0.000000; 0x0; 0.000000; 0x0; 0.000001; 0x29; 0.000000; 0x0 
0.000000; 0x0; 0.000000; 0x0; -0.000010; 0xfffffdf9; 0.000000; 0x0 
0.000000; 0x0; 0.000000; 0x0; 0.000009; 0x1df; 0.000000; 0x0 
0.000000; 0x0; 0.000000; 0x0; -0.000001; 0xffffffc4; 0.000000; 0x0 
0.000000; 0x0; 0.000000; 0x0; -0.000007; 0xfffffe91; 0.000000; 0x0 
0.000000; 0x0; 0.000000; 0x0; 0.000007; 0x158; 0.000000; 0x0 
0.000000; 0x0; 0.000000; 0x0; -0.000000; 0xfffffff7; 0.000000; 0x0 
0.000000; 0x0; 0.000000; 0x0; -0.000007; 0xfffffe85; 0.000000; 0x0 
0.000000; 0x0; 0.000000; 0x0; 0.000006; 0x135; 0.000000; 0x0 
0.000000; 0x0; 0.000000; 0x0; 0.000001; 0x30; 0.000000; 0x0 
0.000000; 0x0; 0.000000; 0x0; -0.000008; 0xfffffe6f; 0.000000; 0x0 
0.000000; 0x0; 0.000000; 0x0; 0.000004; 0xd5; 0.000000; 0x0 
0.000000; 0x0; 0.000000; 0x0; 0.000003; 0x82; 0.000000; 0x0 
0.000000; 0x0; 0.000000; 0x0; -0.000007; 0xfffffea7; 0.000000; 0x0 
0.000000; 0x0; 0.000000; 0x0; 0.000002; 0x53; 0.000000; 0x0 
0.000000; 0x0; 0.000000; 0x0; 0.000004; 0xca; 0.000000; 0x0 
0.000000; 0x0; 0.000000; 0x0; -0.000005; 0xfffffefe; 0.000000; 0x0 
0.000000; 0x0; 0.000000; 0x0; -0.000000; 0xffffffee; 0.000000; 0x0 
0.000000; 0x0; 0.000000; 0x0; 0.000005; 0x10d; 0.000000; 0x0 
0.000000; 0x0; 0.000000; 0x0; -0.000005; 0xfffffef4; 0.000000; 0x0 
0.000000; 0x0; 0.000000; 0x0; 0.000000; 0x13; 0.000000; 0x0 
0.000000; 0x0; 0.000000; 0x0; 0.000006; 0x12b; 0.000000; 0x0 
0.000000; 0x0; 0.000000; 0x0; -0.000006; 0xfffffeba; 0.000000; 0x0 
0.000000; 0x0; 0.000000; 0x0; 0.000000; 0x2; 0.000000; 0x0 
0.000000; 0x0; 0.000000; 0x0; 0.000007; 0x182; 0.000000; 0x0 
0.000000; 0x0; 0.000000; 0x0; -0.000008; 0xfffffe62; 0.000000; 0x0 
0.000000; 0x0; 0.000000; 0x0; 0.000000; 0xa; 0.000000; 0x0 
0.000000; 0x0; 0.000000; 0x0; 0.000008; 0x1a2; 0.000000; 0x0 
0.000000; 0x0; 0.000000; 0x0; -0.000009; 0xfffffe21; 0.000000; 0x0 
0.000000; 0x0; 0.000000; 0x0; 0.000000; 0x5; 0.000000; 0x0 
0.000000; 0x0; 0.000000; 0x0; 0.000009; 0x1d0; 0.000000; 0x0 
0.000000; 0x0; 0.000000; 0x0; -0.000011; 0xfffffddc; 0.000000; 0x0 
0.000000; 0x0; 0.000000; 0x0; 0.000001; 0x3e; 0.000000; 0x0 
0.000000; 0x0; 0.000000; 0x0; 0.000009; 0x1d3; 0.000000; 0x0 
0.000000; 0x0; 0.000000; 0x0; -0.000010; 0xfffffdf2; 0.000000; 0x0 
0.000000; 0x0; 0.000000; 0x0; -0.000000; 0xfffffff2; 0.000000; 0x0 
0.000000; 0x0; 0.000000; 0x0; 0.000009; 0x1d6; 0.000000; 0x0 
0.000000; 0x0; 0.000000; 0x0; -0.000008; 0xfffffe71; 0.000000; 0x0 
0.000000; 0x0; 0.000000; 0x0; -0.000002; 0xffffffb2; 0.000000; 0x0 
0.000000; 0x0; 0.000000; 0x0; 0.000008; 0x19b; 0.000000; 0x0 
0.000000; 0x0; 0.000000; 0x0; -0.000005; 0xffffff13; 0.000000; 0x0 
0.000000; 0x0; 0.000000; 0x0; -0.000004; 0xffffff43; 0.000000; 0x0 
0.000000; 0x0; 0.000000; 0x0; 0.000008; 0x190; 0.000000; 0x0 
0.000000; 0x0; 0.000000; 0x0; -0.000003; 0xffffff7b; 0.000000; 0x0 
0.000000; 0x0; 0.000000; 0x0; -0.000004; 0xffffff33; 0.000000; 0x0 
0.000000; 0x0; 0.000000; 0x0; 0.000006; 0x133; 0.000000; 0x0 
0.000000; 0x0; 0.000000; 0x0; 0.000001; 0x3a; 0.000000; 0x0 
0.000000; 0x0; 0.000000; 0x0; -0.000007; 0xfffffe7e; 0.000000; 0x0 
0.000000; 0x0; 0.000000; 0x0; 0.000007; 0x155; 0.000000; 0x0 
0.000000; 0x0; 0.000000; 0x0; 0.000005; 0xed; 0.000000; 0x0 
0.000000; 0x0; 0.000000; 0x0; -0.000010; 0xfffffdfb; 0.000000; 0x0 
0.000000; 0x0; 0.000000; 0x0; 0.000001; 0x35; 0.000000; 0x0 
0.000000; 0x0; 0.000000; 0x0; 0.000005; 0xf6; 0.000000; 0x0 
0.000000; 0x0; 0.000000; 0x0; -0.000010; 0xfffffe01; 0.000000; 0x0 
0.000000; 0x0; 0.000000; 0x0; 0.000002; 0x65; 0.000000; 0x0 
0.000000; 0x0; 0.000000; 0x0; 0.000003; 0x8b; 0.000000; 0x0 
0.000000; 0x0; 0.000000; 0x0; -0.000008; 0xfffffe51; 0.000000; 0x0 
0.000000; 0x0; 0.000000; 0x0; 0.000004; 0xd3; 0.000000; 0x0 
0.000000; 0x0; 0.000000; 0x0; -0.000002; 0xffffffad; 0.000000; 0x0 
0.000000; 0x0; 0.000000; 0x0; -0.000005; 0xfffffeef; 0.000000; 0x0 
0.000000; 0x0; 0.000000; 0x0; 0.000006; 0x124; 0.000000; 0x0 
0.000000; 0x0; 0.000000; 0x0; -0.000005; 0xfffffef8; 0.000000; 0x0 
0.000000; 0x0; 0.000000; 0x0; -0.000004; 0xffffff3d; 0.000000; 0x0 
0.000000; 0x0; 0.000000; 0x0; 0.000007; 0x17a; 0.000000; 0x0 
0.000000; 0x0; 0.000000; 0x0; -0.000008; 0xfffffe48; 0.000000; 0x0 
0.000000; 0x0; 0.000000; 0x0; -0.000002; 0xffffff91; 0.000000; 0x0 
0.000000; 0x0; 0.000000; 0x0; 0.000008; 0x1b8; 0.000000; 0x0 
0.000000; 0x0; 0.000000; 0x0; -0.000012; 0xfffffd9f; 0.000000; 0x0 
0.000000; 0x0; 0.000000; 0x0; 0.000001; 0x22; 0.000000; 0x0 
0.000000; 0x0; 0.000000; 0x0; 0.000007; 0x167; 0.000000; 0x0 
0.000000; 0x0; 0.000000; 0x0; -0.000012; 0xfffffd9b; 0.000000; 0x0 
0.000000; 0x0; 0.000000; 0x0; 0.000002; 0x6f; 0.000000; 0x0 
0.000000; 0x0; 0.000000; 0x0; 0.000005; 0xfc; 0.000000; 0x0 
0.000000; 0x0; 0.000000; 0x0; -0.000009; 0xfffffe1d; 0.000000; 0x0 
0.000000; 0x0; 0.000000; 0x0; 0.000002; 0x70; 0.000000; 0x0 
0.000000; 0x0; 0.000000; 0x0; 0.000002; 0x80; 0.000000; 0x0 
0.000000; 0x0; 0.000000; 0x0; -0.000005; 0xfffffee8; 0.000000; 0x0 
0.000000; 0x0; 0.000000; 0x0; 0.000000; 0x0; 0.000000; 0x0 
0.000000; 0x0; 0.000000; 0x0; 0.000001; 0x2e; 0.000000; 0x0 
0.000000; 0x0; 0.000000; 0x0; -0.000001; 0xffffffe2; 0.000000; 0x0 
0.000000; 0x0; 0.000000; 0x0; -0.000004; 0xffffff37; 0.000000; 0x0 
0.000000; 0x0; 0.000000; 0x0; 0.000000; 0x1; 0.000000; 0x0 
0.000000; 0x0; 0.000000; 0x0; 0.000004; 0xc2; 0.000000; 0x0 
0.000000; 0x0; 0.000000; 0x0; -0.000007; 0xfffffe8b; 0.000000; 0x0 
0.000000; 0x0; 0.000000; 0x0; -0.000001; 0xffffffc1; 0.000000; 0x0 
0.000000; 0x0; 0.000000; 0x0; 0.000008; 0x196; 0.000000; 0x0 
0.000000; 0x0; 0.000000; 0x0; -0.000010; 0xfffffe06; 0.000000; 0x0 
0.000000; 0x0; 0.000000; 0x0; -0.000003; 0xffffff7e; 0.000000; 0x0 
0.000000; 0x0; 0.000000; 0x0; 0.000012; 0x26d; 0.000000; 0x0 
0.000000; 0x0; 0.000000; 0x0; -0.000014; 0xfffffd3c; 0.000000; 0x0 
0.000000; 0x0; 0.000000; 0x0; -0.000000; 0xfffffff6; 0.000000; 0x0 
0.000000; 0x0; 0.000000; 0x0; 0.000012; 0x266; 0.000000; 0x0 
0.000000; 0x0; 0.000000; 0x0; -0.000015; 0xfffffcdf; 0.000000; 0x0 
0.000000; 0x0; 0.000000; 0x0; 0.000002; 0x62; 0.000000; 0x0 
0.000000; 0x0; 0.000000; 0x0; 0.000011; 0x228; 0.000000; 0x0 
0.000000; 0x0; 0.000000; 0x0; -0.000016; 0xfffffcda; 0.000000; 0x0 
0.000000; 0x0; 0.000000; 0x0; 0.000002; 0x80; 0.000000; 0x0 
0.000000; 0x0; 0.000000; 0x0; 0.000010; 0x1f4; 0.000000; 0x0 
0.000000; 0x0; 0.000000; 0x0; -0.000015; 0xfffffcec; 0.000000; 0x0 
0.000000; 0x0; 0.000000; 0x0; 0.000004; 0xe1; 0.000000; 0x0 
0.000000; 0x0; 0.000000; 0x0; 0.000006; 0x149; 0.000000; 0x0 
0.000000; 0x0; 0.000000; 0x0; -0.000012; 0xfffffd8a; 0.000000; 0x0 
0.000000; 0x0; 0.000000; 0x0; 0.000004; 0xe4; 0.000000; 0x0 
0.000000; 0x0; 0.000000; 0x0; 0.000004; 0xd1; 0.000000; 0x0 
0.000000; 0x0; 0.000000; 0x0; -0.000008; 0xfffffe55; 0.000000; 0x0 
0.000000; 0x0; 0.000000; 0x0; 0.000002; 0x63; 0.000000; 0x0 
0.000000; 0x0; 0.000000; 0x0; 0.000004; 0xd6; 0.000000; 0x0 
0.000000; 0x0; 0.000000; 0x0; -0.000006; 0xfffffee1; 0.000000; 0x0 
0.000000; 0x0; 0.000000; 0x0; -0.000001; 0xffffffd5; 0.000000; 0x0 
0.000000; 0x0; 0.000000; 0x0; 0.000005; 0xea; 0.000000; 0x0 
0.000000; 0x0; 0.000000; 0x0; -0.000003; 0xffffff5b; 0.000000; 0x0 
0.000000; 0x0; 0.000000; 0x0; -0.000004; 0xffffff43; 0.000000; 0x0 
0.000000; 0x0; 0.000000; 0x0; 0.000005; 0x113; 0.000000; 0x0 
0.000000; 0x0; 0.000000; 0x0; -0.000002; 0xffffffa8; 0.000000; 0x0 
0.000000; 0x0; 0.000000; 0x0; -0.000007; 0xfffffea0; 0.000000; 0x0 
0.000000; 0x0; 0.000000; 0x0; 0.000006; 0x14b; 0.000000; 0x0 
0.000000; 0x0; 0.000000; 0x0; 0.000000; 0x0; 0.000000; 0x0 
0.000000; 0x0; 0.000000; 0x0; -0.000010; 0xfffffe09; 0.000000; 0x0 
0.000000; 0x0; 0.000000; 0x0; 0.000008; 0x1ab; 0.000000; 0x0 
0.000000; 0x0; 0.000000; 0x0; 0.000000; 0xe; 0.000000; 0x0 
0.000000; 0x0; 0.000000; 0x0; -0.000011; 0xfffffdd9; 0.000000; 0x0 
0.000000; 0x0; 0.000000; 0x0; 0.000008; 0x1ad; 0.000000; 0x0 
0.000000; 0x0; 0.000000; 0x0; 0.000001; 0x32; 0.000000; 0x0 
0.000000; 0x0; 0.000000; 0x0; -0.000011; 0xfffffdcd; 0.000000; 0x0 
0.000000; 0x0; 0.000000; 0x0; 0.000009; 0x1cc; 0.000000; 0x0 
0.000000; 0x0; 0.000000; 0x0; 0.000001; 0x32; 0.000000; 0x0 
0.000000; 0x0; 0.000000; 0x0; -0.000011; 0xfffffdcc; 0.000000; 0x0 
0.000000; 0x0; 0.000000; 0x0; 0.000009; 0x1c8; 0.000000; 0x0 
0.000000; 0x0; 0.000000; 0x0; 0.000001; 0x29; 0.000000; 0x0 
0.000000; 0x0; 0.000000; 0x0; -0.000010; 0xfffffdf9; 0.000000; 0x0 
0.000000; 0x0; 0.000000; 0x0; 0.000009; 0x1df; 0.000000; 0x0 
0.000000; 0x0; 0.000000; 0x0; -0.000001; 0xffffffc4; 0.000000; 0x0 
0.000000; 0x0; 0.000000; 0x0; -0.000007; 0xfffffe91; 0.000000; 0x0 
0.000000; 0x0; 0.000000; 0x0; 0.000007; 0x158; 0.000000; 0x0 
0.000000; 0x0; 0.000000; 0x0; -0.000000; 0xfffffff7; 0.000000; 0x0 
0.000000; 0x0; 0.000000; 0x0; -0.000007; 0xfffffe85; 0.000000; 0x0 
0.000000; 0x0; 0.000000; 0x0; 0.000006; 0x135; 0.000000; 0x0 
0.000000; 0x0; 0.000000; 0x0; 0.000001; 0x30; 0.000000; 0x0 
0.000000; 0x0; 0.000000; 0x0; -0.000008; 0xfffffe6f; 0.000000; 0x0 
0.000000; 0x0; 0.000000; 0x0; 0.000004; 0xd5; 0.000000; 0x0 
0.000000; 0x0; 0.000000; 0x0; 0.000003; 0x82; 0.000000; 0x0 
0.000000; 0x0; 0.000000; 0x0; -0.000007; 0xfffffea7; 0.000000; 0x0 
0.000000; 0x0; 0.000000; 0x0; 0.000002; 0x53; 0.000000; 0x0 
0.000000; 0x0; 0.000000; 0x0; 0.000004; 0xca; 0.000000; 0x0 
0.000000; 0x0; 0.000000; 0x0; -0.000005; 0xfffffefe; 0.000000; 0x0 
0.000000; 0x0; 0.000000; 0x0; -0.000000; 0xffffffee; 0.000000; 0x0 
0.000000; 0x0; 0.000000; 0x0; 0.000005; 0x10d; 0.000000; 0x0 
0.000000; 0x0; 0.000000; 0x0; -0.000005; 0xfffffef4; 0.000000; 0x0 
0.000000; 0x0; 0.000000; 0x0; 0.000000; 0x13; 0.000000; 0x0 
0.000000; 0x0; 0.000000; 0x0; 0.000006; 0x12b; 0.000000; 0x0 
0.000000; 0x0; 0.000000; 0x0; -0.000006; 0xfffffeba; 0.000000; 0x0 
0.000000; 0x0; 0.000000; 0x0; 0.000000; 0x2; 0.000000; 0x0 
0.000000; 0x0; 0.000000; 0x0; 0.000007; 0x182; 0.000000; 0x0 
0.000000; 0x0; 0.000000; 0x0; -0.000008; 0xfffffe62; 0.000000; 0x0 
0.000000; 0x0; 0.000000; 0x0; 0.000000; 0xa; 0.000000; 0x0 
0.000000; 0x0; 0.000000; 0x0; 0.000008; 0x1a2; 0.000000; 0x0 
0.000000; 0x0; 0.000000; 0x0; -0.000009; 0xfffffe21; 0.000000; 0x0 
0.000000; 0x0; 0.000000; 0x0; 0.000000; 0x5; 0.000000; 0x0 
0.000000; 0x0; 0.000000; 0x0; 0.000009; 0x1d0; 0.000000; 0x0 
0.000000; 0x0; 0.000000; 0x0; -0.000011; 0xfffffddc; 0.000000; 0x0 
0.000000; 0x0; 0.000000; 0x0; 0.000001; 0x3e; 0.000000; 0x0 
0.000000; 0x0; 0.000000; 0x0; 0.000009; 0x1d3; 0.000000; 0x0 
0.000000; 0x0; 0.000000; 0x0; -0.000010; 0xfffffdf2; 0.000000; 0x0 
0.000000; 0x0; 0.000000; 0x0; -0.000000; 0xfffffff2; 0.000000; 0x0 
0.000000; 0x0; 0.000000; 0x0; 0.000009; 0x1d6; 0.000000; 0x0 
0.000000; 0x0; 0.000000; 0x0; -0.000008; 0xfffffe71; 0.000000; 0x0 
0.000000; 0x0; 0.000000; 0x0; -0.000002; 0xffffffb2; 0.000000; 0x0 
0.000000; 0x0; 0.000000; 0x0; 0.000008; 0x19b; 0.000000; 0x0 
0.000000; 0x0; 0.000000; 0x0; -0.000005; 0xffffff13; 0.000000; 0x0 
0.000000; 0x0; 0.000000; 0x0; -0.000004; 0xffffff43; 0.000000; 0x0 
0.000000; 0x0; 0.000000; 0x0; 0.000008; 0x190; 0.000000; 0x0 
0.000000; 0x0; 0.000000; 0x0; -0.000003; 0xffffff7b; 0.000000; 0x0 
0.000000; 0x0; 0.000000; 0x0; -0.000004; 0xffffff33; 0.000000; 0x0 
0.000000; 0x0; 0.000000; 0x0; 0.000006; 0x133; 0.000000; 0x0 
0.000000; 0x0; 0.000000; 0x0; 0.000001; 0x3a; 0.000000; 0x0 
0.000000; 0x0; 0.000000; 0x0; -0.000007; 0xfffffe7e; 0.000000; 0x0 
0.000000; 0x0; 0.000000; 0x0; 0.000007; 0x155; 0.000000; 0x0 
0.000000; 0x0; 0.000000; 0x0; 0.000001; 0x37; 0.000000; 0x0 
0.000000; 0x0; 0.000000; 0x0; -0.000007; 0xfffffe7d; 0.000000; 0x0 
0.000000; 0x0; 0.000000; 0x0; 0.000006; 0x136; 0.000000; 0x0 
0.000000; 0x0; 0.000000; 0x0; 0.000002; 0x62; 0.000000; 0x0 
0.000000; 0x0; 0.000000; 0x0; -0.000009; 0xfffffe43; 0.000000; 0x0 
0.000000; 0x0; 0.000000; 0x0; 0.000006; 0x140; 0.000000; 0x0 
0.000000; 0x0; 0.000000; 0x0; 0.000003; 0xa2; 0.000000; 0x0 
0.000000; 0x0; 0.000000; 0x0; -0.000010; 0xfffffded; 0.000000; 0x0 
0.000000; 0x0; 0.000000; 0x0; 0.000008; 0x18c; 0.000000; 0x0 
0.000000; 0x0; 0.000000; 0x0; 0.000002; 0x5c; 0.000000; 0x0 
0.000000; 0x0; 0.000000; 0x0; -0.000008; 0xfffffe64; 0.000000; 0x0 
0.000000; 0x0; 0.000000; 0x0; 0.000006; 0x14d; 0.000000; 0x0 
0.000000; 0x0; 0.000000; 0x0; 0.000000; 0x12; 0.000000; 0x0 
0.000000; 0x0; 0.000000; 0x0; -0.000005; 0xffffff05; 0.000000; 0x0 
0.000000; 0x0; 0.000000; 0x0; 0.000005; 0x10e; 0.000000; 0x0 
0.000000; 0x0; 0.000000; 0x0; 0.000000; 0x13; 0.000000; 0x0 
0.000000; 0x0; 0.000000; 0x0; -0.000005; 0xffffff00; 0.000000; 0x0 
0.000000; 0x0; 0.000000; 0x0; 0.000005; 0x110; 0.000000; 0x0 
0.000000; 0x0; 0.000000; 0x0; -0.000000; 0xfffffff2; 0.000000; 0x0 
0.000000; 0x0; 0.000000; 0x0; -0.000002; 0xffffff82; 0.000000; 0x0 
0.000000; 0x0; 0.000000; 0x0; 0.000002; 0x5a; 0.000000; 0x0 
0.000000; 0x0; 0.000000; 0x0; 0.000002; 0x51; 0.000000; 0x0 
0.000000; 0x0; 0.000000; 0x0; -0.000002; 0xffffffab; 0.000000; 0x0 
0.000000; 0x0; 0.000000; 0x0; 0.000000; 0x13; 0.000000; 0x0 
0.000000; 0x0; 0.000000; 0x0; 0.000002; 0x71; 0.000000; 0x0 
0.000000; 0x0; 0.000000; 0x0; -0.000002; 0xffffffb0; 0.000000; 0x0 
0.000000; 0x0; 0.000000; 0x0; 0.000000; 0xc; 0.000000; 0x0 
0.000000; 0x0; 0.000000; 0x0; 0.000002; 0x80; 0.000000; 0x0 
0.000000; 0x0; 0.000000; 0x0; -0.000002; 0xffffff99; 0.000000; 0x0 
0.000000; 0x0; 0.000000; 0x0; -0.000000; 0xffffffe8; 0.000000; 0x0 
0.000000; 0x0; 0.000000; 0x0; 0.000004; 0xd3; 0.000000; 0x0 
0.000000; 0x0; 0.000000; 0x0; -0.000005; 0xffffff07; 0.000000; 0x0 
0.000000; 0x0; 0.000000; 0x0; 0.000002; 0x5b; 0.000000; 0x0 
0.000000; 0x0; 0.000000; 0x0; 0.000004; 0xbd; 0.000000; 0x0 
0.000000; 0x0; 0.000000; 0x0; -0.000008; 0xfffffe70; 0.000000; 0x0 
0.000000; 0x0; 0.000000; 0x0; 0.000006; 0x133; 0.000000; 0x0 
0.000000; 0x0; 0.000000; 0x0; 0.000001; 0x31; 0.000000; 0x0 
0.000000; 0x0; 0.000000; 0x0; -0.000006; 0xfffffeb6; 0.000000; 0x0 
0.000000; 0x0; 0.000000; 0x0; 0.000005; 0x114; 0.000000; 0x0 
0.000000; 0x0; 0.000000; 0x0; 0.000003; 0x93; 0.000000; 0x0 
0.000000; 0x0; 0.000000; 0x0; -0.000008; 0xfffffe78; 0.000000; 0x0 
0.000000; 0x0; 0.000000; 0x0; 0.000006; 0x123; 0.000000; 0x0 
0.000000; 0x0; 0.000000; 0x0; 0.000002; 0x80; 0.000000; 0x0 
0.000000; 0x0; 0.000000; 0x0; -0.000006; 0xfffffee3; 0.000000; 0x0 
0.000000; 0x0; 0.000000; 0x0; 0.000003; 0xa8; 0.000000; 0x0 
0.000000; 0x0; 0.000000; 0x0; 0.000003; 0xa7; 0.000000; 0x0 
0.000000; 0x0; 0.000000; 0x0; -0.000005; 0xffffff10; 0.000000; 0x0 
0.000000; 0x0; 0.000000; 0x0; 0.000001; 0x2a; 0.000000; 0x0 
0.000000; 0x0; 0.000000; 0x0; 0.000005; 0x102; 0.000000; 0x0 
0.000000; 0x0; 0.000000; 0x0; -0.000005; 0xfffffefb; 0.000000; 0x0 
0.000000; 0x0; 0.000000; 0x0; -0.000001; 0xffffffcd; 0.000000; 0x0 
0.000000; 0x0; 0.000000; 0x0; 0.000007; 0x15c; 0.000000; 0x0 
0.000000; 0x0; 0.000000; 0x0; -0.000005; 0xffffff13; 0.000000; 0x0 
0.000000; 0x0; 0.000000; 0x0; -0.000004; 0xffffff3a; 0.000000; 0x0 
0.000000; 0x0; 0.000000; 0x0; 0.000010; 0x1ee; 0.000000; 0x0 
0.000000; 0x0; 0.000000; 0x0; -0.000004; 0xffffff33; 0.000000; 0x0 
0.000000; 0x0; 0.000000; 0x0; -0.000008; 0xfffffe79; 0.000000; 0x0 
0.000000; 0x0; 0.000000; 0x0; 0.000013; 0x28b; 0.000000; 0x0 
0.000000; 0x0; 0.000000; 0x0; -0.000004; 0xffffff21; 0.000000; 0x0 
0.000000; 0x0; 0.000000; 0x0; -0.000010; 0xfffffdfc; 0.000000; 0x0 
0.000000; 0x0; 0.000000; 0x0; 0.000016; 0x32f; 0.000000; 0x0 
0.000000; 0x0; 0.000000; 0x0; -0.000005; 0xfffffee9; 0.000000; 0x0 
0.000000; 0x0; 0.000000; 0x0; -0.000011; 0xfffffddb; 0.000000; 0x0 
0.000000; 0x0; 0.000000; 0x0; 0.000016; 0x334; 0.000000; 0x0 
0.000000; 0x0; 0.000000; 0x0; -0.000005; 0xffffff17; 0.000000; 0x0 
0.000000; 0x0; 0.000000; 0x0; -0.000010; 0xfffffe11; 0.000000; 0x0 
0.000000; 0x0; 0.000000; 0x0; 0.000014; 0x2ca; 0.000000; 0x0 
0.000000; 0x0; 0.000000; 0x0; -0.000003; 0xffffff69; 0.000000; 0x0 
0.000000; 0x0; 0.000000; 0x0; -0.000008; 0xfffffe77; 0.000000; 0x0 
0.000000; 0x0; 0.000000; 0x0; 0.000009; 0x1c9; 0.000000; 0x0 
0.000000; 0x0; 0.000000; 0x0; -0.000000; 0xfffffffd; 0.000000; 0x0 
0.000000; 0x0; 0.000000; 0x0; -0.000007; 0xfffffeac; 0.000000; 0x0 
0.000000; 0x0; 0.000000; 0x0; 0.000005; 0x116; 0.000000; 0x0 
0.000000; 0x0; 0.000000; 0x0; 0.000003; 0x8d; 0.000000; 0x0 
0.000000; 0x0; 0.000000; 0x0; -0.000007; 0xfffffe9c; 0.000000; 0x0 
0.000000; 0x0; 0.000000; 0x0; 0.000003; 0x90; 0.000000; 0x0 
0.000000; 0x0; 0.000000; 0x0; 0.000005; 0xf4; 0.000000; 0x0 
0.000000; 0x0; 0.000000; 0x0; -0.000006; 0xfffffebe; 0.000000; 0x0 
0.000000; 0x0; 0.000000; 0x0; 0.000001; 0x2c; 0.000000; 0x0 
0.000000; 0x0; 0.000000; 0x0; 0.000007; 0x155; 0.000000; 0x0 
0.000000; 0x0; 0.000000; 0x0; -0.000005; 0xfffffef9; 0.000000; 0x0 
0.000000; 0x0; 0.000000; 0x0; -0.000002; 0xffffff90; 0.000000; 0x0 
0.000000; 0x0; 0.000000; 0x0; 0.000009; 0x1d9; 0.000000; 0x0 
0.000000; 0x0; 0.000000; 0x0; -0.000006; 0xfffffec4; 0.000000; 0x0 
0.000000; 0x0; 0.000000; 0x0; -0.000002; 0xffffff85; 0.000000; 0x0 
0.000000; 0x0; 0.000000; 0x0; 0.000010; 0x210; 0.000000; 0x0 
0.000000; 0x0; 0.000000; 0x0; -0.000007; 0xfffffeab; 0.000000; 0x0 
0.000000; 0x0; 0.000000; 0x0; -0.000003; 0xffffff6f; 0.000000; 0x0 
0.000000; 0x0; 0.000000; 0x0; 0.000009; 0x1c7; 0.000000; 0x0 
0.000000; 0x0; 0.000000; 0x0; -0.000004; 0xffffff48; 0.000000; 0x0 
0.000000; 0x0; 0.000000; 0x0; -0.000005; 0xffffff01; 0.000000; 0x0 
0.000000; 0x0; 0.000000; 0x0; 0.000009; 0x1eb; 0.000000; 0x0 
0.000000; 0x0; 0.000000; 0x0; -0.000004; 0xffffff41; 0.000000; 0x0 
0.000000; 0x0; 0.000000; 0x0; -0.000003; 0xffffff60; 0.000000; 0x0 
0.000000; 0x0; 0.000000; 0x0; 0.000006; 0x136; 0.000000; 0x0 
0.000000; 0x0; 0.000000; 0x0; -0.000001; 0xffffffc8; 0.000000; 0x0 
0.000000; 0x0; 0.000000; 0x0; -0.000002; 0xffffff8c; 0.000000; 0x0 
0.000000; 0x0; 0.000000; 0x0; 0.000003; 0x9f; 0.000000; 0x0 
0.000000; 0x0; 0.000000; 0x0; 0.000002; 0x69; 0.000000; 0x0 
0.000000; 0x0; 0.000000; 0x0; -0.000004; 0xffffff36; 0.000000; 0x0 
0.000000; 0x0; 0.000000; 0x0; 0.000003; 0xae; 0.000000; 0x0 
0.000000; 0x0; 0.000000; 0x0; 0.000000; 0x5; 0.000000; 0x0 
0.000000; 0x0; 0.000000; 0x0; -0.000001; 0xffffffcf; 0.000000; 0x0 
0.000000; 0x0; 0.000000; 0x0; 0.000001; 0x4b; 0.000000; 0x0 
0.000000; 0x0; 0.000000; 0x0; 0.000001; 0x3a; 0.000000; 0x0 
0.000000; 0x0; 0.000000; 0x0; -0.000001; 0xffffffbf; 0.000000; 0x0 
0.000000; 0x0; 0.000000; 0x0; 0.000001; 0x2e; 0.000000; 0x0 
0.000000; 0x0; 0.000000; 0x0; 0.000003; 0x82; 0.000000; 0x0 
0.000000; 0x0; 0.000000; 0x0; -0.000002; 0xffffff8e; 0.000000; 0x0 
0.000000; 0x0; 0.000000; 0x0; 0.000002; 0x80; 0.000000; 0x0 
0.000000; 0x0; 0.000000; 0x0; 0.000000; 0x11; 0.000000; 0x0 
0.000000; 0x0; 0.000000; 0x0; 0.000000; 0x5; 0.000000; 0x0 
0.000000; 0x0; 0.000000; 0x0; 0.000001; 0x3e; 0.000000; 0x0 
0.000000; 0x0; 0.000000; 0x0; -0.000000; 0xffffffe9; 0.000000; 0x0 
0.000000; 0x0; 0.000000; 0x0; 0.000001; 0x2c; 0.000000; 0x0 
0.000000; 0x0; 0.000000; 0x0; 0.000003; 0x86; 0.000000; 0x0 
0.000000; 0x0; 0.000000; 0x0; -0.000002; 0xffffff8a; 0.000000; 0x0 
0.000000; 0x0; 0.000000; 0x0; 0.000000; 0x10; 0.000000; 0x0 
0.000000; 0x0; 0.000000; 0x0; 0.000005; 0xf0; 0.000000; 0x0 
0.000000; 0x0; 0.000000; 0x0; -0.000005; 0xfffffee9; 0.000000; 0x0 
0.000000; 0x0; 0.000000; 0x0; 0.000002; 0x7f; 0.000000; 0x0 
0.000000; 0x0; 0.000000; 0x0; 0.000004; 0xdd; 0.000000; 0x0 
0.000000; 0x0; 0.000000; 0x0; -0.000006; 0xfffffed5; 0.000000; 0x0 
0.000000; 0x0; 0.000000; 0x0; 0.000003; 0x82; 0.000000; 0x0 
0.000000; 0x0; 0.000000; 0x0; 0.000004; 0xe7; 0.000000; 0x0 
0.000000; 0x0; 0.000000; 0x0; -0.000006; 0xfffffee1; 0.000000; 0x0 
0.000000; 0x0; 0.000000; 0x0; 0.000002; 0x58; 0.000000; 0x0 
0.000000; 0x0; 0.000000; 0x0; 0.000007; 0x15b; 0.000000; 0x0 
0.000000; 0x0; 0.000000; 0x0; -0.000006; 0xfffffec4; 0.000000; 0x0 
0.000000; 0x0; 0.000000; 0x0; 0.000001; 0x3c; 0.000000; 0x0 
0.000000; 0x0; 0.000000; 0x0; 0.000006; 0x133; 0.000000; 0x0 
0.000000; 0x0; 0.000000; 0x0; -0.000003; 0xffffff69; 0.000000; 0x0 
0.000000; 0x0; 0.000000; 0x0; -0.000003; 0xffffff60; 0.000000; 0x0 
0.000000; 0x0; 0.000000; 0x0; 0.000008; 0x1ac; 0.000000; 0x0 
0.000000; 0x0; 0.000000; 0x0; -0.000002; 0xffffff8a; 0.000000; 0x0 
0.000000; 0x0; 0.000000; 0x0; -0.000006; 0xfffffed8; 0.000000; 0x0 
0.000000; 0x0; 0.000000; 0x0; 0.000010; 0x1fa; 0.000000; 0x0 
0.000000; 0x0; 0.000000; 0x0; -0.000003; 0xffffff6f; 0.000000; 0x0 
0.000000; 0x0; 0.000000; 0x0; -0.000007; 0xfffffead; 0.000000; 0x0 
0.000000; 0x0; 0.000000; 0x0; 0.000010; 0x20e; 0.000000; 0x0 
0.000000; 0x0; 0.000000; 0x0; -0.000002; 0xffffff99; 0.000000; 0x0 
0.000000; 0x0; 0.000000; 0x0; -0.000008; 0xfffffe65; 0.000000; 0x0 
0.000000; 0x0; 0.000000; 0x0; 0.000011; 0x224; 0.000000; 0x0 
0.000000; 0x0; 0.000000; 0x0; -0.000002; 0xffffff87; 0.000000; 0x0 
0.000000; 0x0; 0.000000; 0x0; -0.000008; 0xfffffe79; 0.000000; 0x0 
0.000000; 0x0; 0.000000; 0x0; 0.000011; 0x237; 0.000000; 0x0 
0.000000; 0x0; 0.000000; 0x0; -0.000002; 0xffffff81; 0.000000; 0x0 
0.000000; 0x0; 0.000000; 0x0; -0.000007; 0xfffffea9; 0.000000; 0x0 
0.000000; 0x0; 0.000000; 0x0; 0.000009; 0x1e5; 0.000000; 0x0 
0.000000; 0x0; 0.000000; 0x0; -0.000001; 0xffffffcd; 0.000000; 0x0 
0.000000; 0x0; 0.000000; 0x0; -0.000006; 0xfffffed9; 0.000000; 0x0 
0.000000; 0x0; 0.000000; 0x0; 0.000006; 0x13a; 0.000000; 0x0 
0.000000; 0x0; 0.000000; 0x0; 0.000003; 0xaa; 0.000000; 0x0 
0.000000; 0x0; 0.000000; 0x0; -0.000008; 0xfffffe70; 0.000000; 0x0 
0.000000; 0x0; 0.000000; 0x0; 0.000004; 0xe3; 0.000000; 0x0 
0.000000; 0x0; 0.000000; 0x0; 0.000005; 0x119; 0.000000; 0x0 
0.000000; 0x0; 0.000000; 0x0; -0.000008; 0xfffffe69; 0.000000; 0x0 
0.000000; 0x0; 0.000000; 0x0; 0.000001; 0x35; 0.000000; 0x0 
0.000000; 0x0; 0.000000; 0x0; 0.000010; 0x20e; 0.000000; 0x0 
0.000000; 0x0; 0.000000; 0x0; -0.000010; 0xfffffe06; 0.000000; 0x0 
0.000000; 0x0; 0.000000; 0x0; -0.000002; 0xffffff97; 0.000000; 0x0 
0.000000; 0x0; 0.000000; 0x0; 0.000014; 0x2e7; 0.000000; 0x0 
0.000000; 0x0; 0.000000; 0x0; -0.000012; 0xfffffda9; 0.000000; 0x0 
0.000000; 0x0; 0.000000; 0x0; -0.000003; 0xffffff76; 0.000000; 0x0 
0.000000; 0x0; 0.000000; 0x0; 0.000014; 0x2de; 0.000000; 0x0 
0.000000; 0x0; 0.000000; 0x0; -0.000010; 0xfffffe07; 0.000000; 0x0 
0.000000; 0x0; 0.000000; 0x0; -0.000004; 0xffffff37; 0.000000; 0x0 
0.000000; 0x0; 0.000000; 0x0; 0.000013; 0x2af; 0.000000; 0x0 
0.000000; 0x0; 0.000000; 0x0; -0.000008; 0xfffffe67; 0.000000; 0x0 
0.000000; 0x0; 0.000000; 0x0; -0.000004; 0xffffff23; 0.000000; 0x0 
0.000000; 0x0; 0.000000; 0x0; 0.000012; 0x278; 0.000000; 0x0 
0.000000; 0x0; 0.000000; 0x0; -0.000007; 0xfffffeae; 0.000000; 0x0 
0.000000; 0x0; 0.000000; 0x0; -0.000003; 0xffffff5c; 0.000000; 0x0 
0.000000; 0x0; 0.000000; 0x0; 0.000007; 0x17c; 0.000000; 0x0 
0.000000; 0x0; 0.000000; 0x0; -0.000001; 0xffffffd6; 0.000000; 0x0 
0.000000; 0x0; 0.000000; 0x0; -0.000005; 0xfffffef6; 0.000000; 0x0 
0.000000; 0x0; 0.000000; 0x0; 0.000005; 0x10e; 0.000000; 0x0 
0.000000; 0x0; 0.000000; 0x0; 0.000002; 0x81; 0.000000; 0x0 
0.000000; 0x0; 0.000000; 0x0; -0.000007; 0xfffffeaf; 0.000000; 0x0 
0.000000; 0x0; 0.000000; 0x0; 0.000005; 0x10b; 0.000000; 0x0 
0.000000; 0x0; 0.000000; 0x0; 0.000002; 0x67; 0.000000; 0x0 
0.000000; 0x0; 0.000000; 0x0; -0.000006; 0xfffffed6; 0.000000; 0x0 
0.000000; 0x0; 0.000000; 0x0; 0.000004; 0xdf; 0.000000; 0x0 
0.000000; 0x0; 0.000000; 0x0; 0.000003; 0x96; 0.000000; 0x0 
0.000000; 0x0; 0.000000; 0x0; -0.000008; 0xfffffe72; 0.000000; 0x0 
0.000000; 0x0; 0.000000; 0x0; 0.000005; 0x108; 0.000000; 0x0 
0.000000; 0x0; 0.000000; 0x0; 0.000004; 0xb6; 0.000000; 0x0 
0.000000; 0x0; 0.000000; 0x0; -0.000009; 0xfffffe2c; 0.000000; 0x0 
0.000000; 0x0; 0.000000; 0x0; 0.000006; 0x14a; 0.000000; 0x0 
0.000000; 0x0; 0.000000; 0x0; 0.000002; 0x72; 0.000000; 0x0 
0.000000; 0x0; 0.000000; 0x0; -0.000007; 0xfffffea5; 0.000000; 0x0 
0.000000; 0x0; 0.000000; 0x0; 0.000004; 0xd1; 0.000000; 0x0 
0.000000; 0x0; 0.000000; 0x0; 0.000004; 0xb9; 0.000000; 0x0 
0.000000; 0x0; 0.000000; 0x0; -0.000006; 0xfffffeb9; 0.000000; 0x0 
0.000000; 0x0; 0.000000; 0x0; 0.000003; 0xa6; 0.000000; 0x0 
0.000000; 0x0; 0.000000; 0x0; 0.000003; 0x94; 0.000000; 0x0 
0.000000; 0x0; 0.000000; 0x0; -0.000004; 0xffffff36; 0.000000; 0x0 
0.000000; 0x0; 0.000000; 0x0; 0.000002; 0x50; 0.000000; 0x0 
0.000000; 0x0; 0.000000; 0x0; 0.000001; 0x4a; 0.000000; 0x0 
0.000000; 0x0; 0.000000; 0x0; -0.000000; 0xffffffed; 0.000000; 0x0 
0.000000; 0x0; 0.000000; 0x0; -0.000001; 0xffffffc0; 0.000000; 0x0 
0.000000; 0x0; 0.000000; 0x0; 0.000001; 0x4a; 0.000000; 0x0 
0.000000; 0x0; 0.000000; 0x0; 0.000001; 0x24; 0.000000; 0x0 
0.000000; 0x0; 0.000000; 0x0; -0.000003; 0xffffff7d; 0.000000; 0x0 
0.000000; 0x0; 0.000000; 0x0; 0.000003; 0x94; 0.000000; 0x0 
0.000000; 0x0; 0.000000; 0x0; -0.000001; 0xffffffbc; 0.000000; 0x0 
0.000000; 0x0; 0.000000; 0x0; -0.000002; 0xffffffa1; 0.000000; 0x0 
0.000000; 0x0; 0.000000; 0x0; 0.000003; 0x90; 0.000000; 0x0 
0.000000; 0x0; 0.000000; 0x0; -0.000002; 0xffffff97; 0.000000; 0x0 
0.000000; 0x0; 0.000000; 0x0; -0.000001; 0xffffffbf; 0.000000; 0x0 
0.000000; 0x0; 0.000000; 0x0; 0.000004; 0xe1; 0.000000; 0x0 
0.000000; 0x0; 0.000000; 0x0; -0.000004; 0xffffff1c; 0.000000; 0x0 
0.000000; 0x0; 0.000000; 0x0; -0.000000; 0xffffffeb; 0.000000; 0x0 
0.000000; 0x0; 0.000000; 0x0; 0.000007; 0x155; 0.000000; 0x0 
0.000000; 0x0; 0.000000; 0x0; -0.000008; 0xfffffe4c; 0.000000; 0x0 
0.000000; 0x0; 0.000000; 0x0; 0.000001; 0x3d; 0.000000; 0x0 
0.000000; 0x0; 0.000000; 0x0; 0.000009; 0x1b9; 0.000000; 0x0 
0.000000; 0x0; 0.000000; 0x0; -0.000011; 0xfffffdd2; 0.000000; 0x0 
0.000000; 0x0; 0.000000; 0x0; 0.000001; 0x36; 0.000000; 0x0 
0.000000; 0x0; 0.000000; 0x0; 0.000010; 0x1ee; 0.000000; 0x0 
0.000000; 0x0; 0.000000; 0x0; -0.000012; 0xfffffd9c; 0.000000; 0x0 
0.000000; 0x0; 0.000000; 0x0; 0.000001; 0x45; 0.000000; 0x0 
0.000000; 0x0; 0.000000; 0x0; 0.000010; 0x203; 0.000000; 0x0 
0.000000; 0x0; 0.000000; 0x0; -0.000014; 0xfffffd43; 0.000000; 0x0 
0.000000; 0x0; 0.000000; 0x0; 0.000005; 0xea; 0.000000; 0x0 
0.000000; 0x0; 0.000000; 0x0; 0.000006; 0x126; 0.000000; 0x0 
0.000000; 0x0; 0.000000; 0x0; -0.000010; 0xfffffdf8; 0.000000; 0x0 
0.000000; 0x0; 0.000000; 0x0; 0.000003; 0x83; 0.000000; 0x0 
0.000000; 0x0; 0.000000; 0x0; 0.000004; 0xe0; 0.000000; 0x0 
0.000000; 0x0; 0.000000; 0x0; -0.000005; 0xffffff02; 0.000000; 0x0 
0.000000; 0x0; 0.000000; 0x0; -0.000003; 0xffffff7d; 0.000000; 0x0 
0.000000; 0x0; 0.000000; 0x0; 0.000004; 0xe7; 0.000000; 0x0 
0.000000; 0x0; 0.000000; 0x0; -0.000001; 0xffffffbb; 0.000000; 0x0 
0.000000; 0x0; 0.000000; 0x0; -0.000006; 0xfffffed8; 0.000000; 0x0 
0.000000; 0x0; 0.000000; 0x0; 0.000004; 0xba; 0.000000; 0x0 
0.000000; 0x0; 0.000000; 0x0; 0.000003; 0xaf; 0.000000; 0x0 
0.000000; 0x0; 0.000000; 0x0; -0.000010; 0xfffffde4; 0.000000; 0x0 
0.000000; 0x0; 0.000000; 0x0; 0.000005; 0xf1; 0.000000; 0x0 
0.000000; 0x0; 0.000000; 0x0; 0.000006; 0x146; 0.000000; 0x0 
0.000000; 0x0; 0.000000; 0x0; -0.000016; 0xfffffcb5; 0.000000; 0x0 
0.000000; 0x0; 0.000000; 0x0; 0.000010; 0x21b; 0.000000; 0x0 
0.000000; 0x0; 0.000000; 0x0; 0.000003; 0x91; 0.000000; 0x0 
0.000000; 0x0; 0.000000; 0x0; -0.000015; 0xfffffcfb; 0.000000; 0x0 
0.000000; 0x0; 0.000000; 0x0; 0.000011; 0x23f; 0.000000; 0x0 
0.000000; 0x0; 0.000000; 0x0; 0.000000; 0x17; 0.000000; 0x0 
0.000000; 0x0; 0.000000; 0x0; -0.000014; 0xfffffd38; 0.000000; 0x0 
0.000000; 0x0; 0.000000; 0x0; 0.000012; 0x27b; 0.000000; 0x0 
0.000000; 0x0; 0.000000; 0x0; -0.000001; 0xffffffbb; 0.000000; 0x0 
0.000000; 0x0; 0.000000; 0x0; -0.000013; 0xfffffd63; 0.000000; 0x0 
0.000000; 0x0; 0.000000; 0x0; 0.000012; 0x271; 0.000000; 0x0 
0.000000; 0x0; 0.000000; 0x0; -0.000003; 0xffffff50; 0.000000; 0x0 
0.000000; 0x0; 0.000000; 0x0; -0.000009; 0xfffffe3a; 0.000000; 0x0 
0.000000; 0x0; 0.000000; 0x0; 0.000007; 0x163; 0.000000; 0x0 
0.000000; 0x0; 0.000000; 0x0; -0.000001; 0xffffffdf; 0.000000; 0x0 
0.000000; 0x0; 0.000000; 0x0; -0.000006; 0xfffffec6; 0.000000; 0x0 
0.000000; 0x0; 0.000000; 0x0; 0.000001; 0x38; 0.000000; 0x0 
0.000000; 0x0; 0.000000; 0x0; 0.000002; 0x6b; 0.000000; 0x0 
0.000000; 0x0; 0.000000; 0x0; -0.000004; 0xffffff21; 0.000000; 0x0 
0.000000; 0x0; 0.000000; 0x0; -0.000003; 0xffffff62; 0.000000; 0x0 
0.000000; 0x0; 0.000000; 0x0; 0.000005; 0xf2; 0.000000; 0x0 
0.000000; 0x0; 0.000000; 0x0; -0.000002; 0xffffffae; 0.000000; 0x0 
0.000000; 0x0; 0.000000; 0x0; -0.000010; 0xfffffdfb; 0.000000; 0x0 
0.000000; 0x0; 0.000000; 0x0; 0.000011; 0x23f; 0.000000; 0x0 
0.000000; 0x0; 0.000000; 0x0; -0.000004; 0xffffff27; 0.000000; 0x0 
0.000000; 0x0; 0.000000; 0x0; -0.000010; 0xfffffded; 0.000000; 0x0 
0.000000; 0x0; 0.000000; 0x0; 0.000012; 0x284; 0.000000; 0x0 
0.000000; 0x0; 0.000000; 0x0; -0.000005; 0xffffff09; 0.000000; 0x0 
0.000000; 0x0; 0.000000; 0x0; -0.000009; 0xfffffe17; 0.000000; 0x0 
0.000000; 0x0; 0.000000; 0x0; 0.000011; 0x230; 0.000000; 0x0 
0.000000; 0x0; 0.000000; 0x0; -0.000005; 0xffffff04; 0.000000; 0x0 
0.000000; 0x0; 0.000000; 0x0; -0.000008; 0xfffffe68; 0.000000; 0x0 
0.000000; 0x0; 0.000000; 0x0; 0.000010; 0x206; 0.000000; 0x0 
0.000000; 0x0; 0.000000; 0x0; -0.000008; 0xfffffe60; 0.000000; 0x0 
0.000000; 0x0; 0.000000; 0x0; -0.000003; 0xffffff67; 0.000000; 0x0 
0.000000; 0x0; 0.000000; 0x0; 0.000006; 0x124; 0.000000; 0x0 
0.000000; 0x0; 0.000000; 0x0; -0.000008; 0xfffffe4f; 0.000000; 0x0 
0.000000; 0x0; 0.000000; 0x0; -0.000000; 0xffffffea; 0.000000; 0x0 
0.000000; 0x0; 0.000000; 0x0; 0.000003; 0xb1; 0.000000; 0x0 
0.000000; 0x0; 0.000000; 0x0; -0.000007; 0xfffffe8b; 0.000000; 0x0 
0.000000; 0x0; 0.000000; 0x0; -0.000000; 0xffffffef; 0.000000; 0x0 
0.000000; 0x0; 0.000000; 0x0; 0.000003; 0x88; 0.000000; 0x0 
0.000000; 0x0; 0.000000; 0x0; -0.000008; 0xfffffe77; 0.000000; 0x0 
0.000000; 0x0; 0.000000; 0x0; 0.000003; 0xa6; 0.000000; 0x0 
0.000000; 0x0; 0.000000; 0x0; -0.000001; 0xffffffb4; 0.000000; 0x0 
0.000000; 0x0; 0.000000; 0x0; -0.000004; 0xffffff24; 0.000000; 0x0 
0.000000; 0x0; 0.000000; 0x0; 0.000002; 0x71; 0.000000; 0x0 
0.000000; 0x0; 0.000000; 0x0; -0.000002; 0xffffff8b; 0.000000; 0x0 
0.000000; 0x0; 0.000000; 0x0; -0.000002; 0xffffff87; 0.000000; 0x0 
0.000000; 0x0; 0.000000; 0x0; -0.000000; 0xffffffed; 0.000000; 0x0 
0.000000; 0x0; 0.000000; 0x0; 0.000000; 0x13; 0.000000; 0x0 
0.000000; 0x0; 0.000000; 0x0; -0.000003; 0xffffff5d; 0.000000; 0x0 
0.000000; 0x0; 0.000000; 0x0; -0.000002; 0xffffffa7; 0.000000; 0x0 
0.000000; 0x0; 0.000000; 0x0; -0.000000; 0xfffffff2; 0.000000; 0x0 
0.000000; 0x0; 0.000000; 0x0; -0.000001; 0xffffffde; 0.000000; 0x0 
0.000000; 0x0; 0.000000; 0x0; -0.000006; 0xfffffed9; 0.000000; 0x0 
0.000000; 0x0; 0.000000; 0x0; 0.000002; 0x62; 0.000000; 0x0 
0.000000; 0x0; 0.000000; 0x0; -0.000001; 0xffffffd4; 0.000000; 0x0 
0.000000; 0x0; 0.000000; 0x0; -0.000008; 0xfffffe4c; 0.000000; 0x0 
0.000000; 0x0; 0.000000; 0x0; 0.000005; 0x112; 0.000000; 0x0 
0.000000; 0x0; 0.000000; 0x0; -0.000006; 0xfffffed8; 0.000000; 0x0 
0.000000; 0x0; 0.000000; 0x0; -0.000006; 0xfffffee2; 0.000000; 0x0 
0.000000; 0x0; 0.000000; 0x0; 0.000006; 0x14d; 0.000000; 0x0 
0.000000; 0x0; 0.000000; 0x0; -0.000008; 0xfffffe69; 0.000000; 0x0 
0.000000; 0x0; 0.000000; 0x0; -0.000005; 0xffffff01; 0.000000; 0x0 
0.000000; 0x0; 0.000000; 0x0; 0.000008; 0x195; 0.000000; 0x0 
0.000000; 0x0; 0.000000; 0x0; -0.000009; 0xfffffe2f; 0.000000; 0x0 
0.000000; 0x0; 0.000000; 0x0; -0.000004; 0xffffff21; 0.000000; 0x0 
0.000000; 0x0; 0.000000; 0x0; 0.000007; 0x179; 0.000000; 0x0 
0.000000; 0x0; 0.000000; 0x0; -0.000008; 0xfffffe69; 0.000000; 0x0 
0.000000; 0x0; 0.000000; 0x0; -0.000003; 0xffffff5c; 0.000000; 0x0 
0.000000; 0x0; 0.000000; 0x0; 0.000004; 0xc7; 0.000000; 0x0 
0.000000; 0x0; 0.000000; 0x0; -0.000006; 0xfffffedf; 0.000000; 0x0 
0.000000; 0x0; 0.000000; 0x0; -0.000003; 0xffffff6d; 0.000000; 0x0 
0.000000; 0x0; 0.000000; 0x0; 0.000000; 0x18; 0.000000; 0x0 
0.000000; 0x0; 0.000000; 0x0; -0.000001; 0xffffffb7; 0.000000; 0x0 
0.000000; 0x0; 0.000000; 0x0; -0.000006; 0xfffffed4; 0.000000; 0x0 
0.000000; 0x0; 0.000000; 0x0; -0.000001; 0xffffffc7; 0.000000; 0x0 
0.000000; 0x0; 0.000000; 0x0; 0.000002; 0x60; 0.000000; 0x0 
0.000000; 0x0; 0.000000; 0x0; -0.000007; 0xfffffe8e; 0.000000; 0x0 
0.000000; 0x0; 0.000000; 0x0; -0.000004; 0xffffff26; 0.000000; 0x0 
0.000000; 0x0; 0.000000; 0x0; 0.000006; 0x11f; 0.000000; 0x0 
0.000000; 0x0; 0.000000; 0x0; -0.000007; 0xfffffe8c; 0.000000; 0x0 
0.000000; 0x0; 0.000000; 0x0; -0.000009; 0xfffffe35; 0.000000; 0x0 
0.000000; 0x0; 0.000000; 0x0; 0.000010; 0x21b; 0.000000; 0x0 
0.000000; 0x0; 0.000000; 0x0; -0.000009; 0xfffffe38; 0.000000; 0x0 
0.000000; 0x0; 0.000000; 0x0; -0.000009; 0xfffffe16; 0.000000; 0x0 
0.000000; 0x0; 0.000000; 0x0; 0.000011; 0x22f; 0.000000; 0x0 
0.000000; 0x0; 0.000000; 0x0; -0.000008; 0xfffffe62; 0.000000; 0x0 
0.000000; 0x0; 0.000000; 0x0; -0.000009; 0xfffffe16; 0.000000; 0x0 
0.000000; 0x0; 0.000000; 0x0; 0.000010; 0x1f1; 0.000000; 0x0 
0.000000; 0x0; 0.000000; 0x0; -0.000007; 0xfffffe7c; 0.000000; 0x0 
0.000000; 0x0; 0.000000; 0x0; -0.000007; 0xfffffe8b; 0.000000; 0x0 
0.000000; 0x0; 0.000000; 0x0; 0.000007; 0x151; 0.000000; 0x0 
0.000000; 0x0; 0.000000; 0x0; -0.000008; 0xfffffe67; 0.000000; 0x0 
0.000000; 0x0; 0.000000; 0x0; -0.000003; 0xffffff4c; 0.000000; 0x0 
0.000000; 0x0; 0.000000; 0x0; 0.000002; 0x72; 0.000000; 0x0 
0.000000; 0x0; 0.000000; 0x0; -0.000006; 0xfffffeb3; 0.000000; 0x0 
0.000000; 0x0; 0.000000; 0x0; -0.000002; 0xffffff8a; 0.000000; 0x0 
0.000000; 0x0; 0.000000; 0x0; 0.000000; 0x1; 0.000000; 0x0 
0.000000; 0x0; 0.000000; 0x0; -0.000006; 0xfffffedd; 0.000000; 0x0 
0.000000; 0x0; 0.000000; 0x0; -0.000002; 0xffffffae; 0.000000; 0x0 
0.000000; 0x0; 0.000000; 0x0; -0.000002; 0xffffff8a; 0.000000; 0x0 
0.000000; 0x0; 0.000000; 0x0; -0.000004; 0xffffff37; 0.000000; 0x0 
0.000000; 0x0; 0.000000; 0x0; -0.000001; 0xffffffe2; 0.000000; 0x0 
0.000000; 0x0; 0.000000; 0x0; -0.000004; 0xffffff31; 0.000000; 0x0 
0.000000; 0x0; 0.000000; 0x0; -0.000002; 0xffffffae; 0.000000; 0x0 
0.000000; 0x0; 0.000000; 0x0; -0.000004; 0xffffff3f; 0.000000; 0x0 
0.000000; 0x0; 0.000000; 0x0; -0.000001; 0xffffffc1; 0.000000; 0x0 
0.000000; 0x0; 0.000000; 0x0; -0.000001; 0xffffffc6; 0.000000; 0x0 
0.000000; 0x0; 0.000000; 0x0; -0.000006; 0xfffffec3; 0.000000; 0x0 
0.000000; 0x0; 0.000000; 0x0; -0.000000; 0xffffffe7; 0.000000; 0x0 
0.000000; 0x0; 0.000000; 0x0; 0.000000; 0x11; 0.000000; 0x0 
0.000000; 0x0; 0.000000; 0x0; -0.000008; 0xfffffe64; 0.000000; 0x0 
0.000000; 0x0; 0.000000; 0x0; -0.000001; 0xffffffb3; 0.000000; 0x0 
0.000000; 0x0; 0.000000; 0x0; 0.000003; 0x9f; 0.000000; 0x0 
0.000000; 0x0; 0.000000; 0x0; -0.000011; 0xfffffdc7; 0.000000; 0x0 
0.000000; 0x0; 0.000000; 0x0; 0.000001; 0x36; 0.000000; 0x0 
0.000000; 0x0; 0.000000; 0x0; 0.000001; 0x20; 0.000000; 0x0 
0.000000; 0x0; 0.000000; 0x0; -0.000009; 0xfffffe19; 0.000000; 0x0 
0.000000; 0x0; 0.000000; 0x0; 0.000001; 0x4b; 0.000000; 0x0 
0.000000; 0x0; 0.000000; 0x0; 0.000000; 0x9; 0.000000; 0x0 
0.000000; 0x0; 0.000000; 0x0; -0.000009; 0xfffffe15; 0.000000; 0x0 
0.000000; 0x0; 0.000000; 0x0; 0.000001; 0x49; 0.000000; 0x0 
0.000000; 0x0; 0.000000; 0x0; 0.000001; 0x2f; 0.000000; 0x0 
0.000000; 0x0; 0.000000; 0x0; -0.000010; 0xfffffde9; 0.000000; 0x0 
0.000000; 0x0; 0.000000; 0x0; 0.000003; 0x8e; 0.000000; 0x0 
0.000000; 0x0; 0.000000; 0x0; -0.000002; 0xffffffae; 0.000000; 0x0 
0.000000; 0x0; 0.000000; 0x0; -0.000007; 0xfffffe90; 0.000000; 0x0 
0.000000; 0x0; 0.000000; 0x0; 0.000001; 0x3d; 0.000000; 0x0 
0.000000; 0x0; 0.000000; 0x0; -0.000003; 0xffffff5a; 0.000000; 0x0 
0.000000; 0x0; 0.000000; 0x0; -0.000005; 0xfffffee9; 0.000000; 0x0 
0.000000; 0x0; 0.000000; 0x0; 0.000000; 0x15; 0.000000; 0x0 
0.000000; 0x0; 0.000000; 0x0; -0.000004; 0xffffff3a; 0.000000; 0x0 
0.000000; 0x0; 0.000000; 0x0; -0.000004; 0xffffff2b; 0.000000; 0x0 
0.000000; 0x0; 0.000000; 0x0; -0.000000; 0xffffffe7; 0.000000; 0x0 
0.000000; 0x0; 0.000000; 0x0; -0.000004; 0xffffff3a; 0.000000; 0x0 
0.000000; 0x0; 0.000000; 0x0; -0.000003; 0xffffff52; 0.000000; 0x0 
0.000000; 0x0; 0.000000; 0x0; -0.000002; 0xffffff95; 0.000000; 0x0 
0.000000; 0x0; 0.000000; 0x0; -0.000000; 0xffffffeb; 0.000000; 0x0 
0.000000; 0x0; 0.000000; 0x0; -0.000006; 0xfffffed3; 0.000000; 0x0 
0.000000; 0x0; 0.000000; 0x0; -0.000002; 0xffffffac; 0.000000; 0x0 
0.000000; 0x0; 0.000000; 0x0; 0.000001; 0x4c; 0.000000; 0x0 
0.000000; 0x0; 0.000000; 0x0; -0.000008; 0xfffffe78; 0.000000; 0x0 
0.000000; 0x0; 0.000000; 0x0; -0.000002; 0xffffff98; 0.000000; 0x0 
0.000000; 0x0; 0.000000; 0x0; 0.000003; 0x99; 0.000000; 0x0 
0.000000; 0x0; 0.000000; 0x0; -0.000008; 0xfffffe4b; 0.000000; 0x0 
0.000000; 0x0; 0.000000; 0x0; -0.000002; 0xffffff98; 0.000000; 0x0 
0.000000; 0x0; 0.000000; 0x0; 0.000003; 0x88; 0.000000; 0x0 
0.000000; 0x0; 0.000000; 0x0; -0.000010; 0xfffffe01; 0.000000; 0x0 
0.000000; 0x0; 0.000000; 0x0; 0.000000; 0xf; 0.000000; 0x0 
0.000000; 0x0; 0.000000; 0x0; 0.000000; 0x15; 0.000000; 0x0 
0.000000; 0x0; 0.000000; 0x0; -0.000009; 0xfffffe35; 0.000000; 0x0 
0.000000; 0x0; 0.000000; 0x0; 0.000000; 0x8; 0.000000; 0x0 
0.000000; 0x0; 0.000000; 0x0; 0.000000; 0xb; 0.000000; 0x0 
0.000000; 0x0; 0.000000; 0x0; -0.000008; 0xfffffe57; 0.000000; 0x0 
0.000000; 0x0; 0.000000; 0x0; -0.000000; 0xfffffffb; 0.000000; 0x0 
0.000000; 0x0; 0.000000; 0x0; 0.000000; 0xb; 0.000000; 0x0 
0.000000; 0x0; 0.000000; 0x0; -0.000007; 0xfffffe9a; 0.000000; 0x0 
0.000000; 0x0; 0.000000; 0x0; 0.000000; 0x6; 0.000000; 0x0 
0.000000; 0x0; 0.000000; 0x0; -0.000001; 0xffffffc6; 0.000000; 0x0 
0.000000; 0x0; 0.000000; 0x0; -0.000006; 0xfffffee0; 0.000000; 0x0 
0.000000; 0x0; 0.000000; 0x0; 0.000000; 0x1; 0.000000; 0x0 
0.000000; 0x0; 0.000000; 0x0; -0.000001; 0xffffffbb; 0.000000; 0x0 
0.000000; 0x0; 0.000000; 0x0; -0.000005; 0xffffff0c; 0.000000; 0x0 
0.000000; 0x0; 0.000000; 0x0; -0.000002; 0xffffff96; 0.000000; 0x0 
0.000000; 0x0; 0.000000; 0x0; 0.000000; 0x2; 0.000000; 0x0 
0.000000; 0x0; 0.000000; 0x0; -0.000004; 0xffffff47; 0.000000; 0x0 
0.000000; 0x0; 0.000000; 0x0; -0.000007; 0xfffffea1; 0.000000; 0x0 
0.000000; 0x0; 0.000000; 0x0; 0.000004; 0xbe; 0.000000; 0x0 
0.000000; 0x0; 0.000000; 0x0; -0.000004; 0xffffff40; 0.000000; 0x0 
0.000000; 0x0; 0.000000; 0x0; -0.000010; 0xfffffdf6; 0.000000; 0x0 
0.000000; 0x0; 0.000000; 0x0; 0.000006; 0x149; 0.000000; 0x0 
0.000000; 0x0; 0.000000; 0x0; -0.000005; 0xffffff0b; 0.000000; 0x0 
0.000000; 0x0; 0.000000; 0x0; -0.000010; 0xfffffde2; 0.000000; 0x0 
0.000000; 0x0; 0.000000; 0x0; 0.000008; 0x189; 0.000000; 0x0 
0.000000; 0x0; 0.000000; 0x0; -0.000004; 0xffffff1e; 0.000000; 0x0 
0.000000; 0x0; 0.000000; 0x0; -0.000010; 0xfffffde8; 0.000000; 0x0 
0.000000; 0x0; 0.000000; 0x0; 0.000008; 0x1a7; 0.000000; 0x0 
0.000000; 0x0; 0.000000; 0x0; -0.000006; 0xfffffedc; 0.000000; 0x0 
0.000000; 0x0; 0.000000; 0x0; -0.000008; 0xfffffe4f; 0.000000; 0x0 
0.000000; 0x0; 0.000000; 0x0; 0.000008; 0x1a5; 0.000000; 0x0 
0.000000; 0x0; 0.000000; 0x0; -0.000006; 0xfffffeb4; 0.000000; 0x0 
0.000000; 0x0; 0.000000; 0x0; -0.000007; 0xfffffe91; 0.000000; 0x0 
0.000000; 0x0; 0.000000; 0x0; 0.000006; 0x12b; 0.000000; 0x0 
0.000000; 0x0; 0.000000; 0x0; -0.000005; 0xffffff12; 0.000000; 0x0 
0.000000; 0x0; 0.000000; 0x0; -0.000007; 0xfffffe7d; 0.000000; 0x0 
0.000000; 0x0; 0.000000; 0x0; 0.000004; 0xbb; 0.000000; 0x0 
0.000000; 0x0; 0.000000; 0x0; -0.000002; 0xffffff87; 0.000000; 0x0 
0.000000; 0x0; 0.000000; 0x0; -0.000008; 0xfffffe7a; 0.000000; 0x0 
0.000000; 0x0; 0.000000; 0x0; 0.000000; 0x19; 0.000000; 0x0 
0.000000; 0x0; 0.000000; 0x0; -0.000001; 0xffffffe2; 0.000000; 0x0 
0.000000; 0x0; 0.000000; 0x0; -0.000007; 0xfffffe9f; 0.000000; 0x0 
0.000000; 0x0; 0.000000; 0x0; -0.000001; 0xffffffc3; 0.000000; 0x0 
0.000000; 0x0; 0.000000; 0x0; 0.000001; 0x39; 0.000000; 0x0 
0.000000; 0x0; 0.000000; 0x0; -0.000007; 0xfffffe8d; 0.000000; 0x0 
0.000000; 0x0; 0.000000; 0x0; -0.000002; 0xffffff9d; 0.000000; 0x0 
0.000000; 0x0; 0.000000; 0x0; 0.000004; 0xd4; 0.000000; 0x0 
0.000000; 0x0; 0.000000; 0x0; -0.000009; 0xfffffe27; 0.000000; 0x0 
0.000000; 0x0; 0.000000; 0x0; -0.000002; 0xffffff8f; 0.000000; 0x0 
0.000000; 0x0; 0.000000; 0x0; 0.000007; 0x166; 0.000000; 0x0 
0.000000; 0x0; 0.000000; 0x0; -0.000011; 0xfffffdd6; 0.000000; 0x0 
0.000000; 0x0; 0.000000; 0x0; -0.000002; 0xffffff95; 0.000000; 0x0 
0.000000; 0x0; 0.000000; 0x0; 0.000008; 0x19e; 0.000000; 0x0 
0.000000; 0x0; 0.000000; 0x0; -0.000014; 0xfffffd37; 0.000000; 0x0 
0.000000; 0x0; 0.000000; 0x0; 0.000001; 0x48; 0.000000; 0x0 
0.000000; 0x0; 0.000000; 0x0; 0.000006; 0x13d; 0.000000; 0x0 
0.000000; 0x0; 0.000000; 0x0; -0.000015; 0xfffffce6; 0.000000; 0x0 
0.000000; 0x0; 0.000000; 0x0; 0.000004; 0xd6; 0.000000; 0x0 
0.000000; 0x0; 0.000000; 0x0; 0.000004; 0xdb; 0.000000; 0x0 
0.000000; 0x0; 0.000000; 0x0; -0.000015; 0xfffffcf9; 0.000000; 0x0 
0.000000; 0x0; 0.000000; 0x0; 0.000004; 0xd9; 0.000000; 0x0 
0.000000; 0x0; 0.000000; 0x0; 0.000003; 0xaf; 0.000000; 0x0 
0.000000; 0x0; 0.000000; 0x0; -0.000013; 0xfffffd75; 0.000000; 0x0 
0.000000; 0x0; 0.000000; 0x0; 0.000002; 0x72; 0.000000; 0x0 
0.000000; 0x0; 0.000000; 0x0; 0.000003; 0xac; 0.000000; 0x0 
0.000000; 0x0; 0.000000; 0x0; -0.000010; 0xfffffdef; 0.000000; 0x0 
0.000000; 0x0; 0.000000; 0x0; 0.000002; 0x50; 0.000000; 0x0 
0.000000; 0x0; 0.000000; 0x0; 0.000001; 0x43; 0.000000; 0x0 
0.000000; 0x0; 0.000000; 0x0; -0.000005; 0xfffffefc; 0.000000; 0x0 
0.000000; 0x0; 0.000000; 0x0; -0.000003; 0xffffff65; 0.000000; 0x0 
0.000000; 0x0; 0.000000; 0x0; 0.000003; 0xa0; 0.000000; 0x0 
0.000000; 0x0; 0.000000; 0x0; -0.000002; 0xffffff98; 0.000000; 0x0 
0.000000; 0x0; 0.000000; 0x0; -0.000007; 0xfffffe84; 0.000000; 0x0 
0.000000; 0x0; 0.000000; 0x0; 0.000005; 0x10f; 0.000000; 0x0 
0.000000; 0x0; 0.000000; 0x0; -0.000001; 0xffffffdd; 0.000000; 0x0 
0.000000; 0x0; 0.000000; 0x0; -0.000010; 0xfffffdff; 0.000000; 0x0 
0.000000; 0x0; 0.000000; 0x0; 0.000006; 0x129; 0.000000; 0x0 
0.000000; 0x0; 0.000000; 0x0; 0.000001; 0x36; 0.000000; 0x0 
0.000000; 0x0; 0.000000; 0x0; -0.000012; 0xfffffd85; 0.000000; 0x0 
0.000000; 0x0; 0.000000; 0x0; 0.000007; 0x171; 0.000000; 0x0 
0.000000; 0x0; 0.000000; 0x0; 0.000000; 0x4; 0.000000; 0x0 
0.000000; 0x0; 0.000000; 0x0; -0.000012; 0xfffffd8d; 0.000000; 0x0 
0.000000; 0x0; 0.000000; 0x0; 0.000008; 0x199; 0.000000; 0x0 
0.000000; 0x0; 0.000000; 0x0; -0.000002; 0xffffff90; 0.000000; 0x0 
0.000000; 0x0; 0.000000; 0x0; -0.000008; 0xfffffe4c; 0.000000; 0x0 
0.000000; 0x0; 0.000000; 0x0; 0.000005; 0x11b; 0.000000; 0x0 
0.000000; 0x0; 0.000000; 0x0; -0.000002; 0xffffffae; 0.000000; 0x0 
0.000000; 0x0; 0.000000; 0x0; -0.000008; 0xfffffe4e; 0.000000; 0x0 
0.000000; 0x0; 0.000000; 0x0; 0.000007; 0x160; 0.000000; 0x0 
0.000000; 0x0; 0.000000; 0x0; -0.000003; 0xffffff5f; 0.000000; 0x0 
0.000000; 0x0; 0.000000; 0x0; -0.000008; 0xfffffe6e; 0.000000; 0x0 
0.000000; 0x0; 0.000000; 0x0; 0.000008; 0x19a; 0.000000; 0x0 
0.000000; 0x0; 0.000000; 0x0; -0.000004; 0xffffff3b; 0.000000; 0x0 
0.000000; 0x0; 0.000000; 0x0; -0.000007; 0xfffffead; 0.000000; 0x0 
0.000000; 0x0; 0.000000; 0x0; 0.000005; 0x118; 0.000000; 0x0 
0.000000; 0x0; 0.000000; 0x0; -0.000001; 0xffffffc6; 0.000000; 0x0 
0.000000; 0x0; 0.000000; 0x0; -0.000006; 0xfffffeb5; 0.000000; 0x0 
0.000000; 0x0; 0.000000; 0x0; 0.000004; 0xce; 0.000000; 0x0 
0.000000; 0x0; 0.000000; 0x0; -0.000000; 0xffffffeb; 0.000000; 0x0 
0.000000; 0x0; 0.000000; 0x0; -0.000006; 0xfffffee2; 0.000000; 0x0 
0.000000; 0x0; 0.000000; 0x0; 0.000002; 0x5c; 0.000000; 0x0 
0.000000; 0x0; 0.000000; 0x0; 0.000002; 0x51; 0.000000; 0x0 
0.000000; 0x0; 0.000000; 0x0; -0.000006; 0xfffffed7; 0.000000; 0x0 
0.000000; 0x0; 0.000000; 0x0; -0.000001; 0xffffffd7; 0.000000; 0x0 
0.000000; 0x0; 0.000000; 0x0; 0.000006; 0x11f; 0.000000; 0x0 
0.000000; 0x0; 0.000000; 0x0; -0.000009; 0xfffffe45; 0.000000; 0x0 
0.000000; 0x0; 0.000000; 0x0; -0.000001; 0xffffffe4; 0.000000; 0x0 
0.000000; 0x0; 0.000000; 0x0; 0.000006; 0x147; 0.000000; 0x0 
0.000000; 0x0; 0.000000; 0x0; -0.000008; 0xfffffe4f; 0.000000; 0x0 
0.000000; 0x0; 0.000000; 0x0; -0.000001; 0xffffffd2; 0.000000; 0x0 
0.000000; 0x0; 0.000000; 0x0; 0.000006; 0x142; 0.000000; 0x0 
0.000000; 0x0; 0.000000; 0x0; -0.000008; 0xfffffe7a; 0.000000; 0x0 
0.000000; 0x0; 0.000000; 0x0; -0.000001; 0xffffffc2; 0.000000; 0x0 
0.000000; 0x0; 0.000000; 0x0; 0.000008; 0x18b; 0.000000; 0x0 
0.000000; 0x0; 0.000000; 0x0; -0.000010; 0xfffffe06; 0.000000; 0x0 
0.000000; 0x0; 0.000000; 0x0; 0.000002; 0x7a; 0.000000; 0x0 
0.000000; 0x0; 0.000000; 0x0; 0.000004; 0xe7; 0.000000; 0x0 
0.000000; 0x0; 0.000000; 0x0; -0.000009; 0xfffffe45; 0.000000; 0x0 
0.000000; 0x0; 0.000000; 0x0; 0.000004; 0xcc; 0.000000; 0x0 
0.000000; 0x0; 0.000000; 0x0; 0.000003; 0x96; 0.000000; 0x0 
0.000000; 0x0; 0.000000; 0x0; -0.000008; 0xfffffe6f; 0.000000; 0x0 
0.000000; 0x0; 0.000000; 0x0; 0.000005; 0x104; 0.000000; 0x0 
0.000000; 0x0; 0.000000; 0x0; 0.000001; 0x47; 0.000000; 0x0 
0.000000; 0x0; 0.000000; 0x0; -0.000007; 0xfffffea6; 0.000000; 0x0 
0.000000; 0x0; 0.000000; 0x0; 0.000005; 0x11b; 0.000000; 0x0 
0.000000; 0x0; 0.000000; 0x0; -0.000002; 0xffffffa8; 0.000000; 0x0 
0.000000; 0x0; 0.000000; 0x0; -0.000002; 0xffffff9e; 0.000000; 0x0 
0.000000; 0x0; 0.000000; 0x0; 0.000002; 0x62; 0.000000; 0x0 
0.000000; 0x0; 0.000000; 0x0; -0.000001; 0xffffffbc; 0.000000; 0x0 
0.000000; 0x0; 0.000000; 0x0; 0.000000; 0x18; 0.000000; 0x0 
0.000000; 0x0; 0.000000; 0x0; -0.000003; 0xffffff79; 0.000000; 0x0 
0.000000; 0x0; 0.000000; 0x0; 0.000002; 0x81; 0.000000; 0x0 
0.000000; 0x0; 0.000000; 0x0; 0.000000; 0x5; 0.000000; 0x0 
0.000000; 0x0; 0.000000; 0x0; -0.000005; 0xffffff0c; 0.000000; 0x0 
0.000000; 0x0; 0.000000; 0x0; 0.000005; 0xf0; 0.000000; 0x0 
0.000000; 0x0; 0.000000; 0x0; 0.000002; 0x66; 0.000000; 0x0 
0.000000; 0x0; 0.000000; 0x0; -0.000009; 0xfffffe17; 0.000000; 0x0 
0.000000; 0x0; 0.000000; 0x0; 0.000009; 0x1c9; 0.000000; 0x0 
0.000000; 0x0; 0.000000; 0x0; 0.000002; 0x70; 0.000000; 0x0 
0.000000; 0x0; 0.000000; 0x0; -0.000010; 0xfffffde9; 0.000000; 0x0 
0.000000; 0x0; 0.000000; 0x0; 0.000011; 0x228; 0.000000; 0x0 
0.000000; 0x0; 0.000000; 0x0; 0.000001; 0x1b; 0.000000; 0x0 
0.000000; 0x0; 0.000000; 0x0; -0.000008; 0xfffffe4c; 0.000000; 0x0 
0.000000; 0x0; 0.000000; 0x0; 0.000011; 0x228; 0.000000; 0x0 
0.000000; 0x0; 0.000000; 0x0; -0.000002; 0xffffffb1; 0.000000; 0x0 
0.000000; 0x0; 0.000000; 0x0; -0.000006; 0xfffffebe; 0.000000; 0x0 
0.000000; 0x0; 0.000000; 0x0; 0.000010; 0x215; 0.000000; 0x0 
0.000000; 0x0; 0.000000; 0x0; -0.000003; 0xffffff63; 0.000000; 0x0 
0.000000; 0x0; 0.000000; 0x0; -0.000005; 0xfffffefa; 0.000000; 0x0 
0.000000; 0x0; 0.000000; 0x0; 0.000009; 0x1ba; 0.000000; 0x0 
0.000000; 0x0; 0.000000; 0x0; -0.000002; 0xffffff9f; 0.000000; 0x0 
0.000000; 0x0; 0.000000; 0x0; -0.000003; 0xffffff64; 0.000000; 0x0 
0.000000; 0x0; 0.000000; 0x0; 0.000004; 0xc8; 0.000000; 0x0 
0.000000; 0x0; 0.000000; 0x0; 0.000002; 0x57; 0.000000; 0x0 
0.000000; 0x0; 0.000000; 0x0; -0.000003; 0xffffff6c; 0.000000; 0x0 
0.000000; 0x0; 0.000000; 0x0; 0.000001; 0x34; 0.000000; 0x0 
0.000000; 0x0; 0.000000; 0x0; 0.000005; 0xfa; 0.000000; 0x0 
0.000000; 0x0; 0.000000; 0x0; -0.000003; 0xffffff6a; 0.000000; 0x0 
0.000000; 0x0; 0.000000; 0x0; 0.000000; 0x1; 0.000000; 0x0 
0.000000; 0x0; 0.000000; 0x0; 0.000006; 0x139; 0.000000; 0x0 
0.000000; 0x0; 0.000000; 0x0; -0.000002; 0xffffff92; 0.000000; 0x0 
0.000000; 0x0; 0.000000; 0x0; -0.000002; 0xffffff92; 0.000000; 0x0 
0.000000; 0x0; 0.000000; 0x0; 0.000010; 0x207; 0.000000; 0x0 
0.000000; 0x0; 0.000000; 0x0; -0.000004; 0xffffff1d; 0.000000; 0x0 
0.000000; 0x0; 0.000000; 0x0; -0.000003; 0xffffff71; 0.000000; 0x0 
0.000000; 0x0; 0.000000; 0x0; 0.000013; 0x2a6; 0.000000; 0x0 
0.000000; 0x0; 0.000000; 0x0; -0.000008; 0xfffffe67; 0.000000; 0x0 
0.000000; 0x0; 0.000000; 0x0; -0.000002; 0xffffff82; 0.000000; 0x0 
0.000000; 0x0; 0.000000; 0x0; 0.000015; 0x2f2; 0.000000; 0x0 
0.000000; 0x0; 0.000000; 0x0; -0.000007; 0xfffffea0; 0.000000; 0x0 
0.000000; 0x0; 0.000000; 0x0; -0.000006; 0xfffffee2; 0.000000; 0x0 
0.000000; 0x0; 0.000000; 0x0; 0.000015; 0x31f; 0.000000; 0x0 
0.000000; 0x0; 0.000000; 0x0; -0.000007; 0xfffffead; 0.000000; 0x0 
0.000000; 0x0; 0.000000; 0x0; -0.000006; 0xfffffedc; 0.000000; 0x0 
0.000000; 0x0; 0.000000; 0x0; 0.000014; 0x2d5; 0.000000; 0x0 
0.000000; 0x0; 0.000000; 0x0; -0.000006; 0xfffffed4; 0.000000; 0x0 
0.000000; 0x0; 0.000000; 0x0; -0.000002; 0xffffff92; 0.000000; 0x0 
0.000000; 0x0; 0.000000; 0x0; 0.000009; 0x1d3; 0.000000; 0x0 
0.000000; 0x0; 0.000000; 0x0; -0.000003; 0xffffff75; 0.000000; 0x0 
0.000000; 0x0; 0.000000; 0x0; -0.000001; 0xffffffb9; 0.000000; 0x0 
0.000000; 0x0; 0.000000; 0x0; 0.000006; 0x13f; 0.000000; 0x0 
0.000000; 0x0; 0.000000; 0x0; 0.000001; 0x49; 0.000000; 0x0 
0.000000; 0x0; 0.000000; 0x0; -0.000001; 0xffffffc4; 0.000000; 0x0 
0.000000; 0x0; 0.000000; 0x0; 0.000003; 0x8b; 0.000000; 0x0 
0.000000; 0x0; 0.000000; 0x0; 0.000004; 0xde; 0.000000; 0x0 
0.000000; 0x0; 0.000000; 0x0; -0.000001; 0xffffffd9; 0.000000; 0x0 
0.000000; 0x0; 0.000000; 0x0; 0.000001; 0x22; 0.000000; 0x0 
0.000000; 0x0; 0.000000; 0x0; 0.000006; 0x122; 0.000000; 0x0 
0.000000; 0x0; 0.000000; 0x0; -0.000001; 0xffffffc9; 0.000000; 0x0 
0.000000; 0x0; 0.000000; 0x0; 0.000002; 0x61; 0.000000; 0x0 
0.000000; 0x0; 0.000000; 0x0; 0.000005; 0xf1; 0.000000; 0x0 
0.000000; 0x0; 0.000000; 0x0; -0.000002; 0xffffff8c; 0.000000; 0x0 
0.000000; 0x0; 0.000000; 0x0; 0.000003; 0xb5; 0.000000; 0x0 
0.000000; 0x0; 0.000000; 0x0; 0.000006; 0x12e; 0.000000; 0x0 
0.000000; 0x0; 0.000000; 0x0; -0.000006; 0xfffffedf; 0.000000; 0x0 
0.000000; 0x0; 0.000000; 0x0; 0.000006; 0x142; 0.000000; 0x0 
0.000000; 0x0; 0.000000; 0x0; 0.000005; 0xf5; 0.000000; 0x0 
0.000000; 0x0; 0.000000; 0x0; -0.000007; 0xfffffeaf; 0.000000; 0x0 
0.000000; 0x0; 0.000000; 0x0; 0.000008; 0x1b5; 0.000000; 0x0 
0.000000; 0x0; 0.000000; 0x0; 0.000002; 0x81; 0.000000; 0x0 
0.000000; 0x0; 0.000000; 0x0; -0.000005; 0xfffffeea; 0.000000; 0x0 
0.000000; 0x0; 0.000000; 0x0; 0.000010; 0x1f1; 0.000000; 0x0 
0.000000; 0x0; 0.000000; 0x0; 0.000001; 0x1b; 0.000000; 0x0 
0.000000; 0x0; 0.000000; 0x0; -0.000005; 0xfffffef1; 0.000000; 0x0 
0.000000; 0x0; 0.000000; 0x0; 0.000013; 0x298; 0.000000; 0x0 
0.000000; 0x0; 0.000000; 0x0; -0.000002; 0xffffff93; 0.000000; 0x0 
0.000000; 0x0; 0.000000; 0x0; -0.000003; 0xffffff64; 0.000000; 0x0 
0.000000; 0x0; 0.000000; 0x0; 0.000012; 0x25d; 0.000000; 0x0 
0.000000; 0x0; 0.000000; 0x0; -0.000002; 0xffffffae; 0.000000; 0x0 
0.000000; 0x0; 0.000000; 0x0; -0.000001; 0xffffffd0; 0.000000; 0x0 
0.000000; 0x0; 0.000000; 0x0; 0.000008; 0x1b7; 0.000000; 0x0 
0.000000; 0x0; 0.000000; 0x0; 0.000001; 0x30; 0.000000; 0x0 
0.000000; 0x0; 0.000000; 0x0; -0.000001; 0xffffffcd; 0.000000; 0x0 
0.000000; 0x0; 0.000000; 0x0; 0.000007; 0x157; 0.000000; 0x0 
0.000000; 0x0; 0.000000; 0x0; 0.000002; 0x75; 0.000000; 0x0 
0.000000; 0x0; 0.000000; 0x0; -0.000001; 0xffffffd9; 0.000000; 0x0 
0.000000; 0x0; 0.000000; 0x0; 0.000005; 0x10d; 0.000000; 0x0 
0.000000; 0x0; 0.000000; 0x0; 0.000003; 0x9d; 0.000000; 0x0 
0.000000; 0x0; 0.000000; 0x0; -0.000001; 0xffffffd5; 0.000000; 0x0 
0.000000; 0x0; 0.000000; 0x0; 0.000005; 0xf0; 0.000000; 0x0 
0.000000; 0x0; 0.000000; 0x0; 0.000005; 0xed; 0.000000; 0x0 
0.000000; 0x0; 0.000000; 0x0; -0.000003; 0xffffff70; 0.000000; 0x0 
0.000000; 0x0; 0.000000; 0x0; 0.000005; 0xf8; 0.000000; 0x0 
0.000000; 0x0; 0.000000; 0x0; 0.000007; 0x167; 0.000000; 0x0 
0.000000; 0x0; 0.000000; 0x0; -0.000004; 0xffffff1b; 0.000000; 0x0 
0.000000; 0x0; 0.000000; 0x0; 0.000004; 0xd3; 0.000000; 0x0 
0.000000; 0x0; 0.000000; 0x0; 0.000010; 0x206; 0.000000; 0x0 
0.000000; 0x0; 0.000000; 0x0; -0.000006; 0xfffffecc; 0.000000; 0x0 
0.000000; 0x0; 0.000000; 0x0; 0.000004; 0xbf; 0.000000; 0x0 
0.000000; 0x0; 0.000000; 0x0; 0.000012; 0x25d; 0.000000; 0x0 
0.000000; 0x0; 0.000000; 0x0; -0.000006; 0xfffffec0; 0.000000; 0x0 
0.000000; 0x0; 0.000000; 0x0; 0.000003; 0x8c; 0.000000; 0x0 
0.000000; 0x0; 0.000000; 0x0; 0.000013; 0x2a0; 0.000000; 0x0 
0.000000; 0x0; 0.000000; 0x0; -0.000007; 0xfffffeaf; 0.000000; 0x0 
0.000000; 0x0; 0.000000; 0x0; 0.000002; 0x5d; 0.000000; 0x0 
0.000000; 0x0; 0.000000; 0x0; 0.000014; 0x2dc; 0.000000; 0x0 
0.000000; 0x0; 0.000000; 0x0; -0.000008; 0xfffffe7b; 0.000000; 0x0 
0.000000; 0x0; 0.000000; 0x0; 0.000002; 0x61; 0.000000; 0x0 
0.000000; 0x0; 0.000000; 0x0; 0.000012; 0x284; 0.000000; 0x0 
0.000000; 0x0; 0.000000; 0x0; -0.000006; 0xfffffed3; 0.000000; 0x0 
0.000000; 0x0; 0.000000; 0x0; 0.000003; 0x9a; 0.000000; 0x0 
0.000000; 0x0; 0.000000; 0x0; 0.000008; 0x1b4; 0.000000; 0x0 
0.000000; 0x0; 0.000000; 0x0; -0.000002; 0xffffff8c; 0.000000; 0x0 
0.000000; 0x0; 0.000000; 0x0; 0.000003; 0x85; 0.000000; 0x0 
0.000000; 0x0; 0.000000; 0x0; 0.000007; 0x15f; 0.000000; 0x0 
0.000000; 0x0; 0.000000; 0x0; -0.000000; 0xfffffff6; 0.000000; 0x0 
0.000000; 0x0; 0.000000; 0x0; 0.000002; 0x7c; 0.000000; 0x0 
0.000000; 0x0; 0.000000; 0x0; 0.000006; 0x13a; 0.000000; 0x0 
0.000000; 0x0; 0.000000; 0x0; 0.000002; 0x52; 0.000000; 0x0 
0.000000; 0x0; 0.000000; 0x0; 0.000001; 0x48; 0.000000; 0x0 
0.000000; 0x0; 0.000000; 0x0; 0.000005; 0x109; 0.000000; 0x0 
0.000000; 0x0; 0.000000; 0x0; 0.000004; 0xd5; 0.000000; 0x0 
0.000000; 0x0; 0.000000; 0x0; -0.000000; 0xfffffff3; 0.000000; 0x0 
0.000000; 0x0; 0.000000; 0x0; 0.000005; 0x118; 0.000000; 0x0 
0.000000; 0x0; 0.000000; 0x0; 0.000005; 0x108; 0.000000; 0x0 
0.000000; 0x0; 0.000000; 0x0; -0.000001; 0xffffffb3; 0.000000; 0x0 
0.000000; 0x0; 0.000000; 0x0; 0.000005; 0x10f; 0.000000; 0x0 
0.000000; 0x0; 0.000000; 0x0; 0.000006; 0x120; 0.000000; 0x0 
0.000000; 0x0; 0.000000; 0x0; -0.000001; 0xffffffc5; 0.000000; 0x0 
0.000000; 0x0; 0.000000; 0x0; 0.000004; 0xd8; 0.000000; 0x0 
0.000000; 0x0; 0.000000; 0x0; 0.000006; 0x130; 0.000000; 0x0 
0.000000; 0x0; 0.000000; 0x0; -0.000001; 0xffffffb9; 0.000000; 0x0 
0.000000; 0x0; 0.000000; 0x0; 0.000005; 0xff; 0.000000; 0x0 
0.000000; 0x0; 0.000000; 0x0; 0.000005; 0x101; 0.000000; 0x0 
0.000000; 0x0; 0.000000; 0x0; -0.000002; 0xffffffa8; 0.000000; 0x0 
0.000000; 0x0; 0.000000; 0x0; 0.000007; 0x179; 0.000000; 0x0 
0.000000; 0x0; 0.000000; 0x0; 0.000003; 0xb0; 0.000000; 0x0 
0.000000; 0x0; 0.000000; 0x0; -0.000002; 0xffffff87; 0.000000; 0x0 
0.000000; 0x0; 0.000000; 0x0; 0.000009; 0x1c7; 0.000000; 0x0 
0.000000; 0x0; 0.000000; 0x0; 0.000003; 0x9c; 0.000000; 0x0 
0.000000; 0x0; 0.000000; 0x0; -0.000002; 0xffffff99; 0.000000; 0x0 
0.000000; 0x0; 0.000000; 0x0; 0.000009; 0x1ca; 0.000000; 0x0 
0.000000; 0x0; 0.000000; 0x0; 0.000002; 0x67; 0.000000; 0x0 
0.000000; 0x0; 0.000000; 0x0; -0.000001; 0xffffffbc; 0.000000; 0x0 
0.000000; 0x0; 0.000000; 0x0; 0.000009; 0x1e9; 0.000000; 0x0 
0.000000; 0x0; 0.000000; 0x0; 0.000001; 0x37; 0.000000; 0x0 
0.000000; 0x0; 0.000000; 0x0; -0.000001; 0xffffffe6; 0.000000; 0x0 
0.000000; 0x0; 0.000000; 0x0; 0.000009; 0x1e6; 0.000000; 0x0 
0.000000; 0x0; 0.000000; 0x0; 0.000002; 0x52; 0.000000; 0x0 
0.000000; 0x0; 0.000000; 0x0; -0.000002; 0xffffffb1; 0.000000; 0x0 
0.000000; 0x0; 0.000000; 0x0; 0.000009; 0x1ce; 0.000000; 0x0 
0.000000; 0x0; 0.000000; 0x0; 0.000004; 0xcb; 0.000000; 0x0 
0.000000; 0x0; 0.000000; 0x0; -0.000002; 0xffffff85; 0.000000; 0x0 
0.000000; 0x0; 0.000000; 0x0; 0.000008; 0x1b0; 0.000000; 0x0 
0.000000; 0x0; 0.000000; 0x0; 0.000004; 0xd5; 0.000000; 0x0 
0.000000; 0x0; 0.000000; 0x0; -0.000001; 0xffffffb7; 0.000000; 0x0 
0.000000; 0x0; 0.000000; 0x0; 0.000007; 0x161; 0.000000; 0x0 
0.000000; 0x0; 0.000000; 0x0; 0.000005; 0xff; 0.000000; 0x0 
0.000000; 0x0; 0.000000; 0x0; -0.000000; 0xffffffe7; 0.000000; 0x0 
0.000000; 0x0; 0.000000; 0x0; 0.000006; 0x11d; 0.000000; 0x0 
0.000000; 0x0; 0.000000; 0x0; 0.000006; 0x146; 0.000000; 0x0 
0.000000; 0x0; 0.000000; 0x0; -0.000001; 0xffffffd0; 0.000000; 0x0 
0.000000; 0x0; 0.000000; 0x0; 0.000004; 0xb7; 0.000000; 0x0 
0.000000; 0x0; 0.000000; 0x0; 0.000010; 0x1f3; 0.000000; 0x0 
0.000000; 0x0; 0.000000; 0x0; -0.000001; 0xffffffbb; 0.000000; 0x0 
0.000000; 0x0; 0.000000; 0x0; 0.000001; 0x2e; 0.000000; 0x0 
0.000000; 0x0; 0.000000; 0x0; 0.000014; 0x2dd; 0.000000; 0x0 
0.000000; 0x0; 0.000000; 0x0; -0.000004; 0xffffff33; 0.000000; 0x0 
0.000000; 0x0; 0.000000; 0x0; 0.000001; 0x25; 0.000000; 0x0 
0.000000; 0x0; 0.000000; 0x0; 0.000016; 0x352; 0.000000; 0x0 
0.000000; 0x0; 0.000000; 0x0; -0.000005; 0xfffffef9; 0.000000; 0x0 
0.000000; 0x0; 0.000000; 0x0; 0.000002; 0x58; 0.000000; 0x0 
0.000000; 0x0; 0.000000; 0x0; 0.000017; 0x35a; 0.000000; 0x0 
0.000000; 0x0; 0.000000; 0x0; -0.000005; 0xfffffee7; 0.000000; 0x0 
0.000000; 0x0; 0.000000; 0x0; 0.000001; 0x47; 0.000000; 0x0 
0.000000; 0x0; 0.000000; 0x0; 0.000017; 0x389; 0.000000; 0x0 
0.000000; 0x0; 0.000000; 0x0; -0.000006; 0xfffffecf; 0.000000; 0x0 
0.000000; 0x0; 0.000000; 0x0; 0.000002; 0x65; 0.000000; 0x0 
0.000000; 0x0; 0.000000; 0x0; 0.000016; 0x34c; 0.000000; 0x0 
0.000000; 0x0; 0.000000; 0x0; -0.000005; 0xfffffeef; 0.000000; 0x0 
0.000000; 0x0; 0.000000; 0x0; 0.000003; 0x9c; 0.000000; 0x0 
0.000000; 0x0; 0.000000; 0x0; 0.000014; 0x2be; 0.000000; 0x0 
0.000000; 0x0; 0.000000; 0x0; -0.000001; 0xffffffd3; 0.000000; 0x0 
0.000000; 0x0; 0.000000; 0x0; 0.000002; 0x59; 0.000000; 0x0 
0.000000; 0x0; 0.000000; 0x0; 0.000012; 0x25a; 0.000000; 0x0 
0.000000; 0x0; 0.000000; 0x0; 0.000003; 0xaa; 0.000000; 0x0 
0.000000; 0x0; 0.000000; 0x0; 0.000002; 0x50; 0.000000; 0x0 
0.000000; 0x0; 0.000000; 0x0; 0.000009; 0x1e3; 0.000000; 0x0 
0.000000; 0x0; 0.000000; 0x0; 0.000007; 0x158; 0.000000; 0x0 
0.000000; 0x0; 0.000000; 0x0; 0.000001; 0x36; 0.000000; 0x0 
0.000000; 0x0; 0.000000; 0x0; 0.000009; 0x1dd; 0.000000; 0x0 
0.000000; 0x0; 0.000000; 0x0; 0.000008; 0x1a8; 0.000000; 0x0 
0.000000; 0x0; 0.000000; 0x0; -0.000002; 0xffffffa9; 0.000000; 0x0 
0.000000; 0x0; 0.000000; 0x0; 0.000011; 0x23f; 0.000000; 0x0 
0.000000; 0x0; 0.000000; 0x0; 0.000010; 0x215; 0.000000; 0x0 
0.000000; 0x0; 0.000000; 0x0; -0.000005; 0xffffff00; 0.000000; 0x0 
0.000000; 0x0; 0.000000; 0x0; 0.000012; 0x266; 0.000000; 0x0 
0.000000; 0x0; 0.000000; 0x0; 0.000011; 0x24b; 0.000000; 0x0 
0.000000; 0x0; 0.000000; 0x0; -0.000006; 0xfffffeb0; 0.000000; 0x0 
0.000000; 0x0; 0.000000; 0x0; 0.000013; 0x2af; 0.000000; 0x0 
0.000000; 0x0; 0.000000; 0x0; 0.000010; 0x207; 0.000000; 0x0 
0.000000; 0x0; 0.000000; 0x0; -0.000004; 0xffffff21; 0.000000; 0x0 
0.000000; 0x0; 0.000000; 0x0; 0.000013; 0x2ae; 0.000000; 0x0 
0.000000; 0x0; 0.000000; 0x0; 0.000009; 0x1e4; 0.000000; 0x0 
0.000000; 0x0; 0.000000; 0x0; -0.000004; 0xffffff45; 0.000000; 0x0 
0.000000; 0x0; 0.000000; 0x0; 0.000014; 0x2d9; 0.000000; 0x0 
0.000000; 0x0; 0.000000; 0x0; 0.000009; 0x1c7; 0.000000; 0x0 
0.000000; 0x0; 0.000000; 0x0; -0.000002; 0xffffffaf; 0.000000; 0x0 
0.000000; 0x0; 0.000000; 0x0; 0.000013; 0x2a6; 0.000000; 0x0 
0.000000; 0x0; 0.000000; 0x0; 0.000007; 0x184; 0.000000; 0x0 
0.000000; 0x0; 0.000000; 0x0; 0.000003; 0x97; 0.000000; 0x0 
0.000000; 0x0; 0.000000; 0x0; 0.000009; 0x1d7; 0.000000; 0x0 
0.000000; 0x0; 0.000000; 0x0; 0.000009; 0x1df; 0.000000; 0x0 
0.000000; 0x0; 0.000000; 0x0; 0.000005; 0x114; 0.000000; 0x0 
0.000000; 0x0; 0.000000; 0x0; 0.000006; 0x11f; 0.000000; 0x0 
0.000000; 0x0; 0.000000; 0x0; 0.000012; 0x279; 0.000000; 0x0 
0.000000; 0x0; 0.000000; 0x0; 0.000004; 0xe4; 0.000000; 0x0 
0.000000; 0x0; 0.000000; 0x0; 0.000004; 0xdf; 0.000000; 0x0 
0.000000; 0x0; 0.000000; 0x0; 0.000012; 0x282; 0.000000; 0x0 
0.000000; 0x0; 0.000000; 0x0; 0.000007; 0x153; 0.000000; 0x0 
0.000000; 0x0; 0.000000; 0x0; 0.000002; 0x4f; 0.000000; 0x0 
0.000000; 0x0; 0.000000; 0x0; 0.000014; 0x2dd; 0.000000; 0x0 
0.000000; 0x0; 0.000000; 0x0; 0.000005; 0x119; 0.000000; 0x0 
0.000000; 0x0; 0.000000; 0x0; 0.000002; 0x76; 0.000000; 0x0 
0.000000; 0x0; 0.000000; 0x0; 0.000014; 0x2e8; 0.000000; 0x0 
0.000000; 0x0; 0.000000; 0x0; 0.000005; 0x102; 0.000000; 0x0 
0.000000; 0x0; 0.000000; 0x0; 0.000003; 0xad; 0.000000; 0x0 
0.000000; 0x0; 0.000000; 0x0; 0.000014; 0x2db; 0.000000; 0x0 
0.000000; 0x0; 0.000000; 0x0; 0.000005; 0x106; 0.000000; 0x0 
0.000000; 0x0; 0.000000; 0x0; 0.000004; 0xcf; 0.000000; 0x0 
0.000000; 0x0; 0.000000; 0x0; 0.000014; 0x2c8; 0.000000; 0x0 
0.000000; 0x0; 0.000000; 0x0; 0.000005; 0xfb; 0.000000; 0x0 
0.000000; 0x0; 0.000000; 0x0; 0.000005; 0xf7; 0.000000; 0x0 
0.000000; 0x0; 0.000000; 0x0; 0.000014; 0x2dd; 0.000000; 0x0 
0.000000; 0x0; 0.000000; 0x0; 0.000002; 0x70; 0.000000; 0x0 
0.000000; 0x0; 0.000000; 0x0; 0.000008; 0x196; 0.000000; 0x0 
0.000000; 0x0; 0.000000; 0x0; 0.000012; 0x26d; 0.000000; 0x0 
0.000000; 0x0; 0.000000; 0x0; 0.000003; 0x94; 0.000000; 0x0 
0.000000; 0x0; 0.000000; 0x0; 0.000009; 0x1bc; 0.000000; 0x0 
0.000000; 0x0; 0.000000; 0x0; 0.000010; 0x20a; 0.000000; 0x0 
0.000000; 0x0; 0.000000; 0x0; 0.000006; 0x129; 0.000000; 0x0 
0.000000; 0x0; 0.000000; 0x0; 0.000007; 0x17d; 0.000000; 0x0 
0.000000; 0x0; 0.000000; 0x0; 0.000009; 0x1be; 0.000000; 0x0 
0.000000; 0x0; 0.000000; 0x0; 0.000008; 0x19f; 0.000000; 0x0 
0.000000; 0x0; 0.000000; 0x0; 0.000006; 0x147; 0.000000; 0x0 
0.000000; 0x0; 0.000000; 0x0; 0.000008; 0x190; 0.000000; 0x0 
0.000000; 0x0; 0.000000; 0x0; 0.000009; 0x1e7; 0.000000; 0x0 
0.000000; 0x0; 0.000000; 0x0; 0.000005; 0xf0; 0.000000; 0x0 
0.000000; 0x0; 0.000000; 0x0; 0.000009; 0x1bd; 0.000000; 0x0 
0.000000; 0x0; 0.000000; 0x0; 0.000010; 0x203; 0.000000; 0x0 
0.000000; 0x0; 0.000000; 0x0; 0.000002; 0x5f; 0.000000; 0x0 
0.000000; 0x0; 0.000000; 0x0; 0.000011; 0x24c; 0.000000; 0x0 
0.000000; 0x0; 0.000000; 0x0; 0.000009; 0x1eb; 0.000000; 0x0 
0.000000; 0x0; 0.000000; 0x0; 0.000001; 0x20; 0.000000; 0x0 
0.000000; 0x0; 0.000000; 0x0; 0.000013; 0x2b1; 0.000000; 0x0 
0.000000; 0x0; 0.000000; 0x0; 0.000010; 0x1ed; 0.000000; 0x0 
0.000000; 0x0; 0.000000; 0x0; -0.000001; 0xffffffb7; 0.000000; 0x0 
0.000000; 0x0; 0.000000; 0x0; 0.000017; 0x358; 0.000000; 0x0 
0.000000; 0x0; 0.000000; 0x0; 0.000008; 0x1b6; 0.000000; 0x0 
0.000000; 0x0; 0.000000; 0x0; -0.000003; 0xffffff7c; 0.000000; 0x0 
0.000000; 0x0; 0.000000; 0x0; 0.000019; 0x3cb; 0.000000; 0x0 
0.000000; 0x0; 0.000000; 0x0; 0.000006; 0x14d; 0.000000; 0x0 
0.000000; 0x0; 0.000000; 0x0; -0.000002; 0xffffff8f; 0.000000; 0x0 
0.000000; 0x0; 0.000000; 0x0; 0.000020; 0x3fa; 0.000000; 0x0 
0.000000; 0x0; 0.000000; 0x0; 0.000005; 0xed; 0.000000; 0x0 
0.000000; 0x0; 0.000000; 0x0; -0.000001; 0xffffffb7; 0.000000; 0x0 
0.000000; 0x0; 0.000000; 0x0; 0.000020; 0x3f6; 0.000000; 0x0 
0.000000; 0x0; 0.000000; 0x0; 0.000004; 0xc3; 0.000000; 0x0 
0.000000; 0x0; 0.000000; 0x0; -0.000001; 0xffffffdd; 0.000000; 0x0 
0.000000; 0x0; 0.000000; 0x0; 0.000018; 0x3b0; 0.000000; 0x0 
0.000000; 0x0; 0.000000; 0x0; 0.000005; 0x117; 0.000000; 0x0 
0.000000; 0x0; 0.000000; 0x0; 0.000000; 0x16; 0.000000; 0x0 
0.000000; 0x0; 0.000000; 0x0; 0.000015; 0x2f0; 0.000000; 0x0 
0.000000; 0x0; 0.000000; 0x0; 0.000009; 0x1bf; 0.000000; 0x0 
0.000000; 0x0; 0.000000; 0x0; 0.000001; 0x40; 0.000000; 0x0 
0.000000; 0x0; 0.000000; 0x0; 0.000012; 0x25b; 0.000000; 0x0 
0.000000; 0x0; 0.000000; 0x0; 0.000011; 0x22e; 0.000000; 0x0 
0.000000; 0x0; 0.000000; 0x0; 0.000003; 0xa4; 0.000000; 0x0 
0.000000; 0x0; 0.000000; 0x0; 0.000008; 0x1b6; 0.000000; 0x0 
0.000000; 0x0; 0.000000; 0x0; 0.000013; 0x29c; 0.000000; 0x0 
0.000000; 0x0; 0.000000; 0x0; 0.000004; 0xdd; 0.000000; 0x0 
0.000000; 0x0; 0.000000; 0x0; 0.000005; 0xee; 0.000000; 0x0 
0.000000; 0x0; 0.000000; 0x0; 0.000017; 0x361; 0.000000; 0x0 
0.000000; 0x0; 0.000000; 0x0; 0.000004; 0xc5; 0.000000; 0x0 
0.000000; 0x0; 0.000000; 0x0; 0.000003; 0x8a; 0.000000; 0x0 
0.000000; 0x0; 0.000000; 0x0; 0.000018; 0x38d; 0.000000; 0x0 
0.000000; 0x0; 0.000000; 0x0; 0.000004; 0xce; 0.000000; 0x0 
0.000000; 0x0; 0.000000; 0x0; 0.000001; 0x4c; 0.000000; 0x0 
0.000000; 0x0; 0.000000; 0x0; 0.000018; 0x39d; 0.000000; 0x0 
0.000000; 0x0; 0.000000; 0x0; 0.000004; 0xc1; 0.000000; 0x0 
0.000000; 0x0; 0.000000; 0x0; 0.000001; 0x44; 0.000000; 0x0 
0.000000; 0x0; 0.000000; 0x0; 0.000020; 0x3f8; 0.000000; 0x0 
0.000000; 0x0; 0.000000; 0x0; 0.000001; 0x33; 0.000000; 0x0 
0.000000; 0x0; 0.000000; 0x0; 0.000003; 0x95; 0.000000; 0x0 
0.000000; 0x0; 0.000000; 0x0; 0.000020; 0x3fc; 0.000000; 0x0 
0.000000; 0x0; 0.000000; 0x0; 0.000002; 0x5e; 0.000000; 0x0 
0.000000; 0x0; 0.000000; 0x0; 0.000003; 0xa4; 0.000000; 0x0 
0.000000; 0x0; 0.000000; 0x0; 0.000019; 0x3ce; 0.000000; 0x0 
0.000000; 0x0; 0.000000; 0x0; 0.000004; 0xbb; 0.000000; 0x0 
0.000000; 0x0; 0.000000; 0x0; 0.000003; 0x8a; 0.000000; 0x0 
0.000000; 0x0; 0.000000; 0x0; 0.000018; 0x39e; 0.000000; 0x0 
0.000000; 0x0; 0.000000; 0x0; 0.000004; 0xce; 0.000000; 0x0 
0.000000; 0x0; 0.000000; 0x0; 0.000005; 0x101; 0.000000; 0x0 
0.000000; 0x0; 0.000000; 0x0; 0.000014; 0x2cb; 0.000000; 0x0 
0.000000; 0x0; 0.000000; 0x0; 0.000007; 0x17d; 0.000000; 0x0 
0.000000; 0x0; 0.000000; 0x0; 0.000003; 0xa2; 0.000000; 0x0 
0.000000; 0x0; 0.000000; 0x0; 0.000013; 0x297; 0.000000; 0x0 
0.000000; 0x0; 0.000000; 0x0; 0.000009; 0x1be; 0.000000; 0x0 
0.000000; 0x0; 0.000000; 0x0; 0.000002; 0x77; 0.000000; 0x0 
0.000000; 0x0; 0.000000; 0x0; 0.000012; 0x27d; 0.000000; 0x0 
0.000000; 0x0; 0.000000; 0x0; 0.000010; 0x209; 0.000000; 0x0 
0.000000; 0x0; 0.000000; 0x0; 0.000002; 0x61; 0.000000; 0x0 
0.000000; 0x0; 0.000000; 0x0; 0.000009; 0x1d6; 0.000000; 0x0 
0.000000; 0x0; 0.000000; 0x0; 0.000016; 0x325; 0.000000; 0x0 
0.000000; 0x0; 0.000000; 0x0; -0.000002; 0xffffffa2; 0.000000; 0x0 
0.000000; 0x0; 0.000000; 0x0; 0.000010; 0x1ff; 0.000000; 0x0 
0.000000; 0x0; 0.000000; 0x0; 0.000017; 0x374; 0.000000; 0x0 
0.000000; 0x0; 0.000000; 0x0; -0.000003; 0xffffff4e; 0.000000; 0x0 
0.000000; 0x0; 0.000000; 0x0; 0.000012; 0x256; 0.000000; 0x0 
0.000000; 0x0; 0.000000; 0x0; 0.000015; 0x2f9; 0.000000; 0x0 
0.000000; 0x0; 0.000000; 0x0; -0.000000; 0xffffffed; 0.000000; 0x0 
0.000000; 0x0; 0.000000; 0x0; 0.000010; 0x1f1; 0.000000; 0x0 
0.000000; 0x0; 0.000000; 0x0; 0.000015; 0x310; 0.000000; 0x0 
0.000000; 0x0; 0.000000; 0x0; -0.000001; 0xffffffb8; 0.000000; 0x0 
0.000000; 0x0; 0.000000; 0x0; 0.000011; 0x250; 0.000000; 0x0 
0.000000; 0x0; 0.000000; 0x0; 0.000013; 0x290; 0.000000; 0x0 
0.000000; 0x0; 0.000000; 0x0; 0.000001; 0x1c; 0.000000; 0x0 
0.000000; 0x0; 0.000000; 0x0; 0.000011; 0x227; 0.000000; 0x0 
0.000000; 0x0; 0.000000; 0x0; 0.000012; 0x265; 0.000000; 0x0 
0.000000; 0x0; 0.000000; 0x0; 0.000003; 0xa1; 0.000000; 0x0 
0.000000; 0x0; 0.000000; 0x0; 0.000008; 0x18e; 0.000000; 0x0 
0.000000; 0x0; 0.000000; 0x0; 0.000013; 0x299; 0.000000; 0x0 
0.000000; 0x0; 0.000000; 0x0; 0.000003; 0xae; 0.000000; 0x0 
0.000000; 0x0; 0.000000; 0x0; 0.000008; 0x1b0; 0.000000; 0x0 
0.000000; 0x0; 0.000000; 0x0; 0.000011; 0x227; 0.000000; 0x0 
0.000000; 0x0; 0.000000; 0x0; 0.000007; 0x179; 0.000000; 0x0 
0.000000; 0x0; 0.000000; 0x0; 0.000004; 0xd5; 0.000000; 0x0 
0.000000; 0x0; 0.000000; 0x0; 0.000013; 0x29a; 0.000000; 0x0 
0.000000; 0x0; 0.000000; 0x0; 0.000009; 0x1c7; 0.000000; 0x0 
0.000000; 0x0; 0.000000; 0x0; 0.000001; 0x1a; 0.000000; 0x0 
0.000000; 0x0; 0.000000; 0x0; 0.000016; 0x32a; 0.000000; 0x0 
0.000000; 0x0; 0.000000; 0x0; 0.000008; 0x19f; 0.000000; 0x0 
0.000000; 0x0; 0.000000; 0x0; 0.000001; 0x1c; 0.000000; 0x0 
0.000000; 0x0; 0.000000; 0x0; 0.000015; 0x2f4; 0.000000; 0x0 
0.000000; 0x0; 0.000000; 0x0; 0.000010; 0x203; 0.000000; 0x0 
0.000000; 0x0; 0.000000; 0x0; -0.000001; 0xffffffd4; 0.000000; 0x0 
0.000000; 0x0; 0.000000; 0x0; 0.000016; 0x343; 0.000000; 0x0 
0.000000; 0x0; 0.000000; 0x0; 0.000008; 0x1ae; 0.000000; 0x0 
0.000000; 0x0; 0.000000; 0x0; -0.000000; 0xfffffffe; 0.000000; 0x0 
0.000000; 0x0; 0.000000; 0x0; 0.000017; 0x37d; 0.000000; 0x0 
0.000000; 0x0; 0.000000; 0x0; 0.000006; 0x137; 0.000000; 0x0 
0.000000; 0x0; 0.000000; 0x0; 0.000002; 0x58; 0.000000; 0x0 
0.000000; 0x0; 0.000000; 0x0; 0.000017; 0x37a; 0.000000; 0x0 
0.000000; 0x0; 0.000000; 0x0; 0.000005; 0x10a; 0.000000; 0x0 
0.000000; 0x0; 0.000000; 0x0; 0.000003; 0x85; 0.000000; 0x0 
0.000000; 0x0; 0.000000; 0x0; 0.000017; 0x362; 0.000000; 0x0 
0.000000; 0x0; 0.000000; 0x0; 0.000005; 0xf4; 0.000000; 0x0 
0.000000; 0x0; 0.000000; 0x0; 0.000003; 0xae; 0.000000; 0x0 
0.000000; 0x0; 0.000000; 0x0; 0.000017; 0x372; 0.000000; 0x0 
0.000000; 0x0; 0.000000; 0x0; 0.000004; 0xc6; 0.000000; 0x0 
0.000000; 0x0; 0.000000; 0x0; 0.000005; 0x100; 0.000000; 0x0 
0.000000; 0x0; 0.000000; 0x0; 0.000015; 0x2f5; 0.000000; 0x0 
0.000000; 0x0; 0.000000; 0x0; 0.000005; 0x10e; 0.000000; 0x0 
0.000000; 0x0; 0.000000; 0x0; 0.000007; 0x15a; 0.000000; 0x0 
0.000000; 0x0; 0.000000; 0x0; 0.000010; 0x21f; 0.000000; 0x0 
0.000000; 0x0; 0.000000; 0x0; 0.000010; 0x1f1; 0.000000; 0x0 
0.000000; 0x0; 0.000000; 0x0; 0.000005; 0xea; 0.000000; 0x0 
0.000000; 0x0; 0.000000; 0x0; 0.000011; 0x238; 0.000000; 0x0 
0.000000; 0x0; 0.000000; 0x0; 0.000011; 0x22a; 0.000000; 0x0 
0.000000; 0x0; 0.000000; 0x0; 0.000004; 0xd2; 0.000000; 0x0 
0.000000; 0x0; 0.000000; 0x0; 0.000010; 0x20b; 0.000000; 0x0 
0.000000; 0x0; 0.000000; 0x0; 0.000012; 0x27b; 0.000000; 0x0 
0.000000; 0x0; 0.000000; 0x0; 0.000004; 0xda; 0.000000; 0x0 
0.000000; 0x0; 0.000000; 0x0; 0.000008; 0x195; 0.000000; 0x0 
0.000000; 0x0; 0.000000; 0x0; 0.000015; 0x2fd; 0.000000; 0x0 
0.000000; 0x0; 0.000000; 0x0; 0.000003; 0x96; 0.000000; 0x0 
0.000000; 0x0; 0.000000; 0x0; 0.000006; 0x149; 0.000000; 0x0 
0.000000; 0x0; 0.000000; 0x0; 0.000017; 0x363; 0.000000; 0x0 
0.000000; 0x0; 0.000000; 0x0; 0.000001; 0x1e; 0.000000; 0x0 
0.000000; 0x0; 0.000000; 0x0; 0.000008; 0x190; 0.000000; 0x0 
0.000000; 0x0; 0.000000; 0x0; 0.000015; 0x31f; 0.000000; 0x0 
0.000000; 0x0; 0.000000; 0x0; 0.000002; 0x5d; 0.000000; 0x0 
0.000000; 0x0; 0.000000; 0x0; 0.000006; 0x145; 0.000000; 0x0 
0.000000; 0x0; 0.000000; 0x0; 0.000016; 0x351; 0.000000; 0x0 
0.000000; 0x0; 0.000000; 0x0; 0.000002; 0x6a; 0.000000; 0x0 
0.000000; 0x0; 0.000000; 0x0; 0.000006; 0x14e; 0.000000; 0x0 
0.000000; 0x0; 0.000000; 0x0; 0.000016; 0x32b; 0.000000; 0x0 
0.000000; 0x0; 0.000000; 0x0; 0.000002; 0x74; 0.000000; 0x0 
0.000000; 0x0; 0.000000; 0x0; 0.000009; 0x1c3; 0.000000; 0x0 
0.000000; 0x0; 0.000000; 0x0; 0.000013; 0x29d; 0.000000; 0x0 
0.000000; 0x0; 0.000000; 0x0; 0.000003; 0x8e; 0.000000; 0x0 
0.000000; 0x0; 0.000000; 0x0; 0.000010; 0x212; 0.000000; 0x0 
0.000000; 0x0; 0.000000; 0x0; 0.000011; 0x229; 0.000000; 0x0 
0.000000; 0x0; 0.000000; 0x0; 0.000003; 0xae; 0.000000; 0x0 
0.000000; 0x0; 0.000000; 0x0; 0.000011; 0x223; 0.000000; 0x0 
0.000000; 0x0; 0.000000; 0x0; 0.000009; 0x1c8; 0.000000; 0x0 
0.000000; 0x0; 0.000000; 0x0; 0.000005; 0xfe; 0.000000; 0x0 
0.000000; 0x0; 0.000000; 0x0; 0.000009; 0x1e9; 0.000000; 0x0 
0.000000; 0x0; 0.000000; 0x0; 0.000008; 0x1ab; 0.000000; 0x0 
0.000000; 0x0; 0.000000; 0x0; 0.000006; 0x122; 0.000000; 0x0 
0.000000; 0x0; 0.000000; 0x0; 0.000009; 0x1be; 0.000000; 0x0 
0.000000; 0x0; 0.000000; 0x0; 0.000009; 0x1d0; 0.000000; 0x0 
0.000000; 0x0; 0.000000; 0x0; 0.000005; 0x119; 0.000000; 0x0 
0.000000; 0x0; 0.000000; 0x0; 0.000007; 0x158; 0.000000; 0x0 
0.000000; 0x0; 0.000000; 0x0; 0.000011; 0x22f; 0.000000; 0x0 
0.000000; 0x0; 0.000000; 0x0; 0.000005; 0x106; 0.000000; 0x0 
0.000000; 0x0; 0.000000; 0x0; 0.000005; 0xf7; 0.000000; 0x0 
0.000000; 0x0; 0.000000; 0x0; 0.000012; 0x26b; 0.000000; 0x0 
0.000000; 0x0; 0.000000; 0x0; 0.000005; 0x108; 0.000000; 0x0 
0.000000; 0x0; 0.000000; 0x0; 0.000004; 0xe5; 0.000000; 0x0 
0.000000; 0x0; 0.000000; 0x0; 0.000012; 0x25e; 0.000000; 0x0 
0.000000; 0x0; 0.000000; 0x0; 0.000006; 0x137; 0.000000; 0x0 
0.000000; 0x0; 0.000000; 0x0; 0.000002; 0x73; 0.000000; 0x0 
0.000000; 0x0; 0.000000; 0x0; 0.000014; 0x2e9; 0.000000; 0x0 
0.000000; 0x0; 0.000000; 0x0; 0.000005; 0x117; 0.000000; 0x0 
0.000000; 0x0; 0.000000; 0x0; -0.000000; 0xffffffe8; 0.000000; 0x0 
0.000000; 0x0; 0.000000; 0x0; 0.000017; 0x36a; 0.000000; 0x0 
0.000000; 0x0; 0.000000; 0x0; 0.000005; 0xfb; 0.000000; 0x0 
0.000000; 0x0; 0.000000; 0x0; -0.000003; 0xffffff5b; 0.000000; 0x0 
0.000000; 0x0; 0.000000; 0x0; 0.000019; 0x3c4; 0.000000; 0x0 
0.000000; 0x0; 0.000000; 0x0; 0.000004; 0xb6; 0.000000; 0x0 
0.000000; 0x0; 0.000000; 0x0; -0.000003; 0xffffff4e; 0.000000; 0x0 
0.000000; 0x0; 0.000000; 0x0; 0.000019; 0x3d4; 0.000000; 0x0 
0.000000; 0x0; 0.000000; 0x0; 0.000002; 0x5e; 0.000000; 0x0 
0.000000; 0x0; 0.000000; 0x0; -0.000002; 0xffffff95; 0.000000; 0x0 
0.000000; 0x0; 0.000000; 0x0; 0.000017; 0x357; 0.000000; 0x0 
0.000000; 0x0; 0.000000; 0x0; 0.000005; 0xf6; 0.000000; 0x0 
0.000000; 0x0; 0.000000; 0x0; -0.000004; 0xffffff3b; 0.000000; 0x0 
0.000000; 0x0; 0.000000; 0x0; 0.000015; 0x2ef; 0.000000; 0x0 
0.000000; 0x0; 0.000000; 0x0; 0.000008; 0x1a1; 0.000000; 0x0 
0.000000; 0x0; 0.000000; 0x0; -0.000006; 0xfffffed9; 0.000000; 0x0 
0.000000; 0x0; 0.000000; 0x0; 0.000014; 0x2c0; 0.000000; 0x0 
0.000000; 0x0; 0.000000; 0x0; 0.000008; 0x19f; 0.000000; 0x0 
0.000000; 0x0; 0.000000; 0x0; -0.000003; 0xffffff68; 0.000000; 0x0 
0.000000; 0x0; 0.000000; 0x0; 0.000009; 0x1bd; 0.000000; 0x0 
0.000000; 0x0; 0.000000; 0x0; 0.000011; 0x23e; 0.000000; 0x0 
0.000000; 0x0; 0.000000; 0x0; -0.000003; 0xffffff7b; 0.000000; 0x0 
0.000000; 0x0; 0.000000; 0x0; 0.000004; 0xe4; 0.000000; 0x0 
0.000000; 0x0; 0.000000; 0x0; 0.000014; 0x2bf; 0.000000; 0x0 
0.000000; 0x0; 0.000000; 0x0; -0.000004; 0xffffff3c; 0.000000; 0x0 
0.000000; 0x0; 0.000000; 0x0; 0.000005; 0xfe; 0.000000; 0x0 
0.000000; 0x0; 0.000000; 0x0; 0.000010; 0x206; 0.000000; 0x0 
0.000000; 0x0; 0.000000; 0x0; 0.000000; 0x17; 0.000000; 0x0 
0.000000; 0x0; 0.000000; 0x0; 0.000001; 0x45; 0.000000; 0x0 
0.000000; 0x0; 0.000000; 0x0; 0.000010; 0x1f5; 0.000000; 0x0 
0.000000; 0x0; 0.000000; 0x0; 0.000001; 0x45; 0.000000; 0x0 
0.000000; 0x0; 0.000000; 0x0; 0.000001; 0x2f; 0.000000; 0x0 
0.000000; 0x0; 0.000000; 0x0; 0.000008; 0x196; 0.000000; 0x0 
0.000000; 0x0; 0.000000; 0x0; 0.000002; 0x76; 0.000000; 0x0 
0.000000; 0x0; 0.000000; 0x0; 0.000001; 0x47; 0.000000; 0x0 
0.000000; 0x0; 0.000000; 0x0; 0.000006; 0x13d; 0.000000; 0x0 
0.000000; 0x0; 0.000000; 0x0; 0.000004; 0xd2; 0.000000; 0x0 
0.000000; 0x0; 0.000000; 0x0; -0.000001; 0xffffffe6; 0.000000; 0x0 
0.000000; 0x0; 0.000000; 0x0; 0.000008; 0x1ad; 0.000000; 0x0 
0.000000; 0x0; 0.000000; 0x0; -0.000000; 0xfffffffb; 0.000000; 0x0 
0.000000; 0x0; 0.000000; 0x0; 0.000002; 0x6b; 0.000000; 0x0 
0.000000; 0x0; 0.000000; 0x0; 0.000008; 0x1a9; 0.000000; 0x0 
0.000000; 0x0; 0.000000; 0x0; -0.000004; 0xffffff3c; 0.000000; 0x0 
0.000000; 0x0; 0.000000; 0x0; 0.000004; 0xe7; 0.000000; 0x0 
0.000000; 0x0; 0.000000; 0x0; 0.000007; 0x168; 0.000000; 0x0 
0.000000; 0x0; 0.000000; 0x0; -0.000005; 0xffffff16; 0.000000; 0x0 
0.000000; 0x0; 0.000000; 0x0; 0.000003; 0x87; 0.000000; 0x0 
0.000000; 0x0; 0.000000; 0x0; 0.000008; 0x1ac; 0.000000; 0x0 
0.000000; 0x0; 0.000000; 0x0; -0.000005; 0xfffffee5; 0.000000; 0x0 
0.000000; 0x0; 0.000000; 0x0; 0.000002; 0x6d; 0.000000; 0x0 
0.000000; 0x0; 0.000000; 0x0; 0.000008; 0x1a8; 0.000000; 0x0 
0.000000; 0x0; 0.000000; 0x0; -0.000005; 0xfffffee5; 0.000000; 0x0 
0.000000; 0x0; 0.000000; 0x0; 0.000001; 0x46; 0.000000; 0x0 
0.000000; 0x0; 0.000000; 0x0; 0.000007; 0x176; 0.000000; 0x0 
0.000000; 0x0; 0.000000; 0x0; -0.000002; 0xffffff82; 0.000000; 0x0 
0.000000; 0x0; 0.000000; 0x0; -0.000002; 0xffffff8a; 0.000000; 0x0 
0.000000; 0x0; 0.000000; 0x0; 0.000008; 0x1b6; 0.000000; 0x0 
0.000000; 0x0; 0.000000; 0x0; -0.000001; 0xffffffc1; 0.000000; 0x0 
0.000000; 0x0; 0.000000; 0x0; -0.000005; 0xfffffef9; 0.000000; 0x0 
0.000000; 0x0; 0.000000; 0x0; 0.000009; 0x1d9; 0.000000; 0x0 
0.000000; 0x0; 0.000000; 0x0; -0.000001; 0xffffffb9; 0.000000; 0x0 
0.000000; 0x0; 0.000000; 0x0; -0.000005; 0xffffff0b; 0.000000; 0x0 
0.000000; 0x0; 0.000000; 0x0; 0.000007; 0x16e; 0.000000; 0x0 
0.000000; 0x0; 0.000000; 0x0; -0.000001; 0xffffffc4; 0.000000; 0x0 
0.000000; 0x0; 0.000000; 0x0; -0.000005; 0xfffffefe; 0.000000; 0x0 
0.000000; 0x0; 0.000000; 0x0; 0.000006; 0x12e; 0.000000; 0x0 
0.000000; 0x0; 0.000000; 0x0; -0.000001; 0xffffffc6; 0.000000; 0x0 
0.000000; 0x0; 0.000000; 0x0; -0.000005; 0xfffffeff; 0.000000; 0x0 
0.000000; 0x0; 0.000000; 0x0; 0.000004; 0xe8; 0.000000; 0x0 
0.000000; 0x0; 0.000000; 0x0; 0.000000; 0x1; 0.000000; 0x0 
0.000000; 0x0; 0.000000; 0x0; -0.000005; 0xffffff08; 0.000000; 0x0 
0.000000; 0x0; 0.000000; 0x0; 0.000002; 0x6c; 0.000000; 0x0 
0.000000; 0x0; 0.000000; 0x0; 0.000001; 0x37; 0.000000; 0x0 
0.000000; 0x0; 0.000000; 0x0; -0.000004; 0xffffff33; 0.000000; 0x0 
0.000000; 0x0; 0.000000; 0x0; -0.000000; 0xffffffee; 0.000000; 0x0 
0.000000; 0x0; 0.000000; 0x0; 0.000003; 0xa5; 0.000000; 0x0 
0.000000; 0x0; 0.000000; 0x0; -0.000007; 0xfffffe9f; 0.000000; 0x0 
0.000000; 0x0; 0.000000; 0x0; 0.000001; 0x43; 0.000000; 0x0 
0.000000; 0x0; 0.000000; 0x0; 0.000002; 0x6c; 0.000000; 0x0 
0.000000; 0x0; 0.000000; 0x0; -0.000007; 0xfffffe82; 0.000000; 0x0 
0.000000; 0x0; 0.000000; 0x0; 0.000000; 0x16; 0.000000; 0x0 
0.000000; 0x0; 0.000000; 0x0; 0.000003; 0xa8; 0.000000; 0x0 
0.000000; 0x0; 0.000000; 0x0; -0.000009; 0xfffffe3d; 0.000000; 0x0 
0.000000; 0x0; 0.000000; 0x0; -0.000001; 0xffffffdc; 0.000000; 0x0 
0.000000; 0x0; 0.000000; 0x0; 0.000005; 0x11b; 0.000000; 0x0 
0.000000; 0x0; 0.000000; 0x0; -0.000012; 0xfffffd82; 0.000000; 0x0 
0.000000; 0x0; 0.000000; 0x0; 0.000001; 0x45; 0.000000; 0x0 
0.000000; 0x0; 0.000000; 0x0; 0.000005; 0x112; 0.000000; 0x0 
0.000000; 0x0; 0.000000; 0x0; -0.000013; 0xfffffd78; 0.000000; 0x0 
[***********; 2021/11/10 at 15:6] ;************
Axis3
-0.000010; 0xfffffe09 
0.000001; 0x2e 
0.000010; 0x21b 
-0.000005; 0xfffffee6 
-0.000001; 0xffffffc8 
0.000008; 0x1a2 
-0.000002; 0xffffff96 
-0.000001; 0xffffffc6 
0.000004; 0xdd 
0.000003; 0xa7 
-0.000003; 0xffffff59 
0.000003; 0xa0 
0.000004; 0xd5 
-0.000001; 0xffffffb9 
0.000001; 0x4d 
0.000004; 0xd6 
0.000001; 0x1a 
-0.000000; 0xffffffec 
0.000005; 0xf6 
-0.000001; 0xffffffda 
0.000001; 0x40 
0.000004; 0xcf 
-0.000002; 0xffffffb0 
0.000003; 0xab 
0.000002; 0x64 
-0.000001; 0xffffffc0 
0.000005; 0x108 
0.000001; 0x4b 
-0.000002; 0xffffff7f 
0.000009; 0x1bc 
-0.000002; 0xffffffa7 
-0.000001; 0xffffffde 
0.000008; 0x191 
-0.000001; 0xffffffd6 
-0.000001; 0xffffffcd 
0.000007; 0x163 
0.000001; 0x32 
-0.000003; 0xffffff79 
0.000006; 0x146 
0.000003; 0x85 
-0.000003; 0xffffff6f 
0.000005; 0xf3 
0.000004; 0xc7 
-0.000001; 0xffffffcd 
0.000002; 0x63 
0.000005; 0xf7 
0.000000; 0x0 
0.000002; 0x6e 
0.000004; 0xcf 
-0.000001; 0xffffffde 
0.000005; 0x10c 
0.000001; 0x2e 
0.000000; 0xe 
0.000006; 0x125 
0.000002; 0x4f 
-0.000001; 0xffffffd5 
0.000007; 0x15f 
0.000002; 0x6d 
-0.000003; 0xffffff79 
0.000009; 0x1b9 
0.000002; 0x69 
-0.000003; 0xffffff71 
0.000006; 0x143 
0.000006; 0x13d 
-0.000006; 0xfffffecd 
0.000006; 0x13e 
0.000008; 0x18f 
-0.000006; 0xfffffec5 
0.000006; 0x132 
0.000007; 0x15a 
-0.000003; 0xffffff6c 
0.000002; 0x7f 
0.000009; 0x1e4 
-0.000003; 0xffffff75 
0.000001; 0x40 
0.000009; 0x1d3 
-0.000000; 0xffffffea 
-0.000000; 0xffffffe7 
0.000007; 0x179 
0.000005; 0xeb 
-0.000004; 0xffffff21 
0.000009; 0x1c5 
0.000004; 0xc0 
-0.000003; 0xffffff67 
0.000008; 0x1a5 
0.000003; 0x9f 
-0.000000; 0xfffffff9 
0.000005; 0x107 
0.000004; 0xe7 
-0.000001; 0xffffffd4 
0.000007; 0x183 
0.000001; 0x34 
0.000001; 0x4d 
0.000007; 0x167 
0.000002; 0x66 
-0.000001; 0xffffffdd 
0.000008; 0x191 
0.000005; 0x10b 
-0.000005; 0xfffffef2 
0.000011; 0x24c 
0.000004; 0xd7 
-0.000006; 0xfffffebd 
0.000012; 0x272 
0.000005; 0x110 
-0.000007; 0xfffffe81 
0.000012; 0x26f 
0.000006; 0x146 
-0.000008; 0xfffffe63 
0.000011; 0x240 
0.000007; 0x172 
-0.000006; 0xfffffed5 
0.000007; 0x17b 
0.000009; 0x1dd 
-0.000005; 0xfffffeff 
0.000005; 0x112 
0.000011; 0x22a 
-0.000004; 0xffffff2d 
0.000003; 0xa4 
0.000011; 0x24c 
-0.000001; 0xffffffd1 
-0.000002; 0xffffffa7 
0.000014; 0x2bf 
0.000001; 0x27 
-0.000004; 0xffffff3f 
0.000014; 0x2c8 
0.000001; 0x4c 
-0.000003; 0xffffff65 
0.000012; 0x272 
0.000003; 0x97 
-0.000002; 0xffffff8f 
0.000010; 0x21e 
0.000004; 0xd3 
-0.000001; 0xffffffc2 
0.000008; 0x1b7 
0.000005; 0x100 
-0.000000; 0xffffffea 
0.000007; 0x161 
0.000006; 0x124 
-0.000000; 0xfffffffd 
0.000006; 0x136 
0.000006; 0x136 
-0.000000; 0xfffffffa 
0.000007; 0x161 
0.000005; 0x100 
0.000001; 0x4a 
0.000007; 0x16b 
0.000004; 0xe1 
0.000002; 0x7c 
0.000007; 0x169 
0.000005; 0xfc 
0.000000; 0xf 
0.000010; 0x202 
0.000003; 0x87 
0.000000; 0x10 
0.000010; 0x20f 
0.000002; 0x7c 
0.000001; 0x24 
0.000010; 0x216 
0.000003; 0x93 
-0.000001; 0xffffffe6 
0.000013; 0x290 
0.000001; 0x41 
0.000001; 0x2e 
0.000011; 0x244 
0.000003; 0x9b 
0.000000; 0x10 
0.000010; 0x20f 
0.000005; 0xf5 
-0.000001; 0xffffffc4 
0.000010; 0x21a 
0.000005; 0x10a 
0.000000; 0x4 
0.000007; 0x15a 
0.000010; 0x207 
-0.000003; 0xffffff71 
0.000006; 0x123 
0.000013; 0x2ae 
-0.000005; 0xffffff05 
0.000005; 0x111 
0.000015; 0x2f8 
-0.000004; 0xffffff20 
0.000003; 0x9d 
0.000017; 0x375 
-0.000005; 0xfffffefb 
0.000004; 0xc0 
0.000016; 0x331 
-0.000003; 0xffffff61 
0.000004; 0xda 
0.000012; 0x285 
-0.000000; 0xfffffff0 
0.000004; 0xb7 
0.000011; 0x24a 
0.000001; 0x30 
0.000003; 0xad 
0.000010; 0x1fe 
0.000004; 0xbf 
0.000001; 0x43 
0.000010; 0x1ee 
0.000007; 0x15c 
-0.000001; 0xffffffe1 
0.000010; 0x20b 
0.000006; 0x143 
-0.000000; 0xfffffffb 
0.000011; 0x22f 
0.000005; 0x10e 
-0.000000; 0xffffffe8 
0.000013; 0x298 
0.000003; 0x9f 
0.000000; 0x2 
0.000013; 0x292 
0.000003; 0xae 
0.000001; 0x2e 
0.000011; 0x252 
0.000004; 0xe4 
0.000000; 0x14 
0.000012; 0x287 
0.000003; 0xb1 
0.000002; 0x50 
0.000013; 0x291 
0.000002; 0x72 
0.000004; 0xb7 
0.000011; 0x224 
0.000004; 0xb7 
0.000004; 0xcb 
0.000008; 0x1b6 
0.000005; 0xff 
0.000005; 0xf0 
0.000005; 0xf0 
0.000009; 0x1d3 
0.000004; 0xc0 
0.000002; 0x5e 
0.000013; 0x2b1 
0.000001; 0x35 
0.000002; 0x77 
0.000016; 0x351 
-0.000002; 0xffffff82 
0.000004; 0xba 
0.000019; 0x3cd 
-0.000006; 0xfffffec1 
0.000004; 0xe4 
0.000020; 0x406 
-0.000008; 0xfffffe70 
0.000006; 0x13a 
0.000017; 0x385 
-0.000007; 0xfffffe9a 
0.000008; 0x19c 
0.000014; 0x2d5 
-0.000004; 0xffffff23 
0.000008; 0x1b7 
0.000011; 0x22c 
0.000001; 0x2f 
0.000006; 0x124 
0.000009; 0x1c2 
0.000007; 0x151 
0.000003; 0x8d 
0.000006; 0x150 
Mean
0.000004
Std dev
0.000000
